RegioNaam;RegioCode;AmsterdamseCode;OuderRegioNaam;OuderRegioCode;Kiesgerechtigden;Opkomst;OngeldigeStemmen;BlancoStemmen;GeldigeStemmen;Partij van de Arbeid (P.v.d.A.);CDA;VVD;Democraten 66 (D66);Staatkundig Gereformeerde Partij (SGP);Communistische Partij van Nederland;Politieke Partij Radikalen (PPR);Gereformeerd Politiek Verbond (GPV);Pacifistisch-Socialistische Partij (PSP);Boeren Partij;Democratisch Socialisten '70;Reformatorische Politieke Federatie (RPF);Nederlandse Volks Unie (NVU);Rooms Katholieke Partij Nederland (RKPN);SP (Socialistische Partij);Federatie Bejaardenpartijen Nederland;Verbond tegen Ambtelijke Willekeur;KEN;Democratisch Actie Centrum;Partij van de Belastingbetalers;Europese Conservatieve Unie;Lijst-JUSIA;Nederlandse Middenstands Partij;Lijst-Griek
Aalburg;G0738;11084;Noord-Brabant;P30;6199;5496;26;;5470;1026;1943;656;123;1404;15;23;59;6;74;11;115;6;4;1;2;;;2;;;;;
Aalsmeer;G0358;11264;Noord-Holland;P27;13988;12842;93;;12749;3101;4508;3441;774;113;105;146;76;94;68;125;122;51;7;14;;2;1;1;;;;;
Aalten;G0197;11046;Gelderland;P25;11684;10708;46;;10662;2200;6438;1146;218;43;17;124;106;38;94;40;143;11;31;11;;1;;1;;;;;
Aardenburg;G0648;11020;Zeeland;P29;2573;2285;15;;2270;590;848;540;54;7;7;30;10;18;125;5;1;3;29;2;;;1;;;;;;
Aarle-Rixtel;G0739;10757;Noord-Brabant;P30;3247;2874;12;;2862;687;1468;465;144;1;6;24;1;11;31;10;1;2;3;5;1;;2;;;;;;
Abbekerk;G0359;10439;Noord-Holland;P27;1332;1174;6;;1168;355;323;285;89;5;17;26;1;11;9;21;4;5;17;;;;;;;;;;
Abbenbroek;G0481;11026;Zuid-Holland;P28;841;761;5;;756;302;121;214;51;13;4;7;8;4;8;10;6;7;1;;;;;;;;;;
Abcoude;G0305;10712;Utrecht;P26;5091;4799;30;;4769;840;1611;1486;387;83;31;89;41;43;26;44;36;21;25;3;3;;;;;;;;
Achtkarspelen;G0059;10199;Fryslân;P21;16179;14807;81;;14726;5066;7024;915;262;217;131;105;481;40;76;35;360;11;;1;;1;;1;;;;;
Adorp;G0001;10996;Groningen;P20;1158;1114;6;;1108;271;402;168;43;2;2;51;111;12;20;8;9;7;;1;;;;1;;;;;
Aduard;G0002;10999;Groningen;P20;1844;1735;5;;1730;526;587;295;77;5;14;31;143;17;9;8;11;2;1;3;;;;1;;;;;
Akersloot;G0360;10346;Noord-Holland;P27;3010;2791;15;;2776;693;1129;553;210;;26;63;4;24;24;22;4;3;15;4;;1;;;1;;;;
Alblasserdam;G0482;11327;Zuid-Holland;P28;11750;10633;59;;10574;4777;2204;1357;513;1102;56;91;145;64;41;45;128;32;2;5;8;;3;1;;;;;
Alkemade;G0483;10349;Zuid-Holland;P28;8010;7280;42;;7238;1071;4129;1365;314;16;19;90;3;72;51;41;9;9;36;6;3;4;;;;;;;
Alkmaar;G0361;10527;Noord-Holland;P27;46237;40752;202;;40550;15287;10535;7872;3009;54;954;952;153;497;268;376;140;133;214;57;;10;10;17;12;;;;
Almelo;G0141;11053;Overijssel;P23;41436;36990;142;;36848;15686;11484;4978;1787;185;741;467;251;167;322;171;219;93;127;138;;8;17;7;;;;;
Alphen aan den Rijn;G0484;10517;Zuid-Holland;P28;30935;27306;195;;27111;7296;9594;6126;1653;703;134;516;217;146;91;155;268;68;89;15;16;7;6;11;;;;;
Alphen en Riel;G0741;10710;Noord-Brabant;P30;3588;3284;20;;3264;572;1838;626;121;1;5;35;4;14;27;9;;2;5;2;3;;;;;;;;
Ambt Delden;G0142;11400;Overijssel;P23;3557;3435;6;;3429;441;2387;370;71;1;3;15;3;8;84;7;2;2;32;;;1;2;;;;;;
Ameide;G0485;11349;Zuid-Holland;P28;1848;1747;22;;1725;542;690;172;53;171;8;10;12;8;30;11;17;;;;;;;1;;;;;
Ameland;G0060;11153;Fryslân;P21;2060;2846;7;;2839;794;1183;489;157;6;20;59;26;31;27;26;12;2;;4;2;;;1;;;;;
Amerongen;G0306;11372;Utrecht;P26;4239;3997;37;;3960;1043;1145;1000;172;353;16;34;39;13;61;21;39;13;6;3;;;;2;;;;;
Amersfoort;G0307;10948;Utrecht;P26;60535;53056;396;;52660;15898;15781;10716;3962;870;683;867;1659;485;312;418;267;178;196;186;136;16;25;5;;;;;
Ammerstol;G0486;10863;Zuid-Holland;P28;1061;985;8;;977;577;59;145;74;24;49;12;2;14;3;9;2;7;;;;;;;;;;;
Ammerzoden;G0198;10151;Gelderland;P25;2581;2382;9;;2373;537;1344;281;63;59;4;19;8;5;14;4;8;1;20;5;;1;;;;;;;
Amstelveen;G0362;10799;Noord-Holland;P27;51766;46944;278;;46666;11359;11547;14940;4540;175;629;1118;149;765;207;626;182;215;100;87;;8;10;9;;;;;
Amstenrade;G0884;10062;Limburg;P31;2417;2159;25;;2134;643;927;344;66;2;23;37;3;17;10;8;2;1;36;4;;10;;1;;;;;
Amsterdam;G0363;11150;Noord-Holland;P27;551008;460958;2118;;458840;202212;63907;76357;32011;977;40380;11099;1402;10462;2630;6610;886;5721;1392;1398;572;209;278;179;;;91;;67
Andijk;G0364;10822;Noord-Holland;P27;3448;3125;14;;3111;795;1330;401;162;56;95;67;17;27;60;21;57;7;10;;;1;;2;3;;;;
Angerlo;G0199;11131;Gelderland;P25;2817;2562;7;;2555;803;1214;307;119;2;6;30;3;12;24;12;1;5;8;5;;;4;;;;;;
Anloo;G0105;10787;Drenthe;P22;4619;4201;15;;4186;2040;268;1288;231;5;65;72;15;40;74;38;13;18;3;5;;3;3;5;;;;;
Anna Paulowna;G0366;10344;Noord-Holland;P27;6359;5654;32;;5622;1529;1652;1766;263;29;65;89;55;29;33;55;19;11;20;1;;1;1;;4;;;;
Apeldoorn;G0200;11075;Gelderland;P25;94158;84106;342;;83764;27936;25066;17837;4600;2141;532;1401;687;444;1151;618;792;209;223;58;;11;21;30;;7;;;
Appeltern;G0201;11296;Gelderland;P25;2773;2522;15;;2507;451;1677;209;53;9;4;30;1;13;35;4;2;;16;2;;;;1;;;;;
Appingedam;G0003;10886;Groningen;P20;9240;8090;66;;8024;3789;2196;1038;278;24;209;93;162;45;49;45;40;20;3;29;;2;2;;;;;;
Arcen en Velden;G0885;10202;Limburg;P31;4990;4473;18;;4455;720;2603;747;146;2;8;78;1;40;43;8;1;7;45;1;;4;;1;;;;;
Arkel;G0487;10079;Zuid-Holland;P28;2115;1960;10;;1950;971;371;360;104;34;14;30;5;10;10;22;10;4;1;;1;2;;1;;;;;
Arnemuiden;G0649;11419;Zeeland;P29;2239;1979;17;;1962;515;510;152;49;540;2;9;45;5;13;3;109;8;1;;;;1;;;;;;
Arnhem;G0202;10795;Gelderland;P25;91939;78540;326;;78214;31942;20330;14449;4568;306;865;1636;456;1024;482;532;276;425;296;515;;28;33;30;;21;;;
Asperen;G0488;11369;Zuid-Holland;P28;1748;1563;2;;1561;412;527;304;51;173;3;31;12;4;9;8;22;1;4;;;;;;;;;;
Assen;G0106;10522;Drenthe;P22;30674;27011;126;;26885;11417;6026;4421;1620;68;296;596;1441;297;135;153;225;80;36;33;;11;12;18;;;;;
Asten;G0743;10478;Noord-Brabant;P30;8409;7557;37;;7520;1191;4635;958;335;6;18;129;1;55;82;28;3;6;54;9;2;5;1;2;;;;;
Avenhorn;G0368;11147;Noord-Holland;P27;1721;1596;14;;1582;448;555;376;93;2;22;29;;6;8;6;4;10;21;2;;;;;;;;;
Avereest;G0143;11190;Overijssel;P23;8835;7913;16;;7897;2097;3725;1135;228;69;22;55;124;17;185;33;171;20;9;5;;;1;1;;;;;
Axel;G0650;11289;Zeeland;P29;8114;6993;36;;6957;2240;2351;1076;230;111;34;63;621;20;87;31;18;11;55;3;;2;;4;;;;;
Baarderadeel;G0061;10422;Fryslân;P21;3392;3105;14;;3091;1229;865;647;167;7;22;59;13;26;19;19;11;1;;3;2;;1;;;;;;
Baarle-Nassau;G0744;10060;Noord-Brabant;P30;3609;3224;17;;3207;592;1835;565;59;1;7;45;;17;47;10;1;2;18;1;6;1;;;;;;;
Baarn;G0308;11411;Utrecht;P26;17555;15406;119;;15287;4024;4180;4397;1048;321;105;316;151;186;99;138;136;48;48;40;16;31;1;2;;;;;
Baexem;G0886;11255;Limburg;P31;1438;1274;5;;1269;187;818;171;29;;2;17;;9;18;5;;2;9;;;1;;1;;;;;
Baflo;G0004;10539;Groningen;P20;2011;1869;6;;1863;584;761;278;53;6;9;36;75;23;4;12;12;3;1;3;;;1;2;;;;;
Bakel en Milheeze;G0745;10749;Noord-Brabant;P30;4429;3881;20;;3861;640;2576;403;91;1;14;34;;21;37;13;3;4;13;1;7;;;3;;;;;
Barendrecht;G0489;10943;Zuid-Holland;P28;10757;9935;49;;9886;2458;3256;2227;554;718;24;110;110;46;33;63;225;47;5;5;2;3;;;;;;;
Barneveld;G0203;10906;Gelderland;P25;21938;20656;73;;20583;2552;7772;3582;745;3934;50;155;242;41;733;69;599;76;12;9;;1;4;1;;6;;;
Barradeel;G0062;10156;Fryslân;P21;4510;4151;37;;4114;1142;2253;335;112;12;28;38;65;25;20;18;53;9;;;2;;;2;;;;;
Barsingerhorn;G0369;10973;Noord-Holland;P27;2465;2208;11;;2197;1126;229;597;93;6;55;19;7;10;20;18;4;3;4;;;;;;6;;;;
Batenburg;G0204;10921;Gelderland;P25;387;364;2;;362;62;215;31;19;2;;14;;2;15;;;;2;;;;;;;;;;
Bathmen;G0144;11030;Overijssel;P23;3248;3064;12;;3052;862;703;1073;231;2;6;43;8;13;64;27;8;5;2;2;;2;;1;;;;;
Bedum;G0005;10425;Groningen;P20;6222;5859;15;;5844;1519;2539;581;215;34;16;71;741;47;21;15;34;5;2;4;;;;;;;;;
Beegden;G0887;11089;Limburg;P31;1118;963;5;;958;225;485;168;36;;5;17;;4;7;1;;2;8;;;;;;;;;;
Beek;G0888;11374;Limburg;P31;8661;7560;69;;7491;2171;3134;1455;271;5;50;106;1;46;77;46;2;15;71;18;;19;1;3;;;;;
Beek en Donk;G0746;10173;Noord-Brabant;P30;5256;4611;35;;4576;1094;2563;497;167;2;63;51;;28;39;43;2;6;6;8;1;3;3;;;;;;
Beemster;G0370;10816;Noord-Holland;P27;5417;4970;15;;4955;1403;1287;1533;290;11;92;93;7;78;39;60;10;17;28;2;;;2;1;2;;;;
Beers;G0747;11410;Noord-Brabant;P30;1863;1730;2;;1728;247;1240;133;38;;1;23;;14;18;5;1;3;4;1;;;;;;;;;
Beerta;G0006;11043;Groningen;P20;2319;2125;28;;2097;916;80;211;31;4;785;18;7;12;4;8;9;4;1;2;;1;4;;;;;;
Beesd;G0205;10259;Gelderland;P25;2690;2504;10;;2494;649;1089;470;85;79;8;13;10;20;28;11;11;6;12;2;;;;1;;;;;
Beesel;G0889;10195;Limburg;P31;7139;6179;61;;6118;1605;3140;846;168;3;25;93;3;28;95;24;5;12;49;8;;10;2;2;;;;;
Beilen;G0107;10520;Drenthe;P22;9040;8305;36;;8269;3388;2567;1367;259;33;28;128;188;40;158;32;28;25;7;12;;4;1;4;;;;;
Belfeld;G0890;10292;Limburg;P31;2978;2639;18;;2621;642;1497;304;66;2;6;37;1;16;21;7;;2;13;1;;4;2;;;;;;
Bellingwedde;G0007;10340;Groningen;P20;6929;6291;43;;6248;3540;797;928;137;12;578;47;26;35;49;24;44;17;3;4;;2;5;;;;;;
Bemelen;G0891;10878;Limburg;P31;247;242;0;;242;49;125;39;10;;2;4;1;4;3;;;;4;;;;1;;;;;;
Bemmel;G0206;10744;Gelderland;P25;9451;8343;27;;8316;2104;4711;837;304;10;25;118;5;33;92;23;3;11;25;12;;;2;1;;;;;
Bennebroek;G0372;10734;Noord-Holland;P27;4115;3632;40;;3592;511;1232;1287;290;20;23;73;18;34;23;37;21;5;10;4;;2;1;1;;;;;
Benschop;G0309;11330;Utrecht;P26;2002;1889;16;;1873;256;882;303;71;284;4;6;4;3;16;5;26;1;12;;;;;;;;;;
Benthuizen;G0490;10398;Zuid-Holland;P28;1707;1600;5;;1595;319;345;388;93;379;8;7;12;2;11;13;12;3;;3;;;;;;;;;
Berg en Terblijt;G0892;10796;Limburg;P31;2749;2530;25;;2505;547;1247;488;52;2;11;62;;6;28;12;1;5;25;5;;10;4;;;;;;
Bergambacht;G0491;10962;Zuid-Holland;P28;3462;3226;29;;3197;960;677;737;139;533;25;22;11;6;33;23;20;8;1;;2;;;;;;;;
Bergen;G0373;11424;Noord-Holland;P27;10256;9561;40;;9521;2439;2455;3053;800;11;81;216;12;128;128;103;32;33;19;8;;;;2;1;;;;
Bergen;G0893;11281;Limburg;P31;8096;6949;63;;6886;1432;4094;794;242;3;10;94;4;26;91;18;3;11;48;9;;2;3;2;;;;;
Bergen op Zoom;G0748;11037;Noord-Brabant;P30;29239;24560;165;;24395;8071;8592;5007;1198;35;143;373;51;139;257;146;19;104;136;44;44;18;12;6;;;;;
Bergeyk;G0749;11160;Noord-Brabant;P30;5832;5266;28;;5238;827;3197;742;224;6;17;85;1;18;60;14;1;13;25;3;2;;3;;;;;;
Bergh;G0207;10350;Gelderland;P25;12084;10574;62;;10512;2611;5717;1153;239;24;47;149;18;40;265;49;9;19;141;19;;3;9;;;;;;
Bergharen;G0208;10883;Gelderland;P25;1529;1445;3;;1442;234;946;147;36;5;1;26;4;7;12;3;2;1;11;5;;1;;1;;;;;
Berghem;G0750;10733;Noord-Brabant;P30;3302;2870;20;;2850;1076;1170;239;115;;13;23;2;13;54;13;;4;13;108;6;;;1;;;;;
Bergschenhoek;G0492;10445;Zuid-Holland;P28;4112;3805;37;;3768;822;1450;926;205;114;17;35;93;5;33;18;15;9;19;3;1;2;;1;;;;;
Berkel en Rodenrijs;G0493;10139;Zuid-Holland;P28;8530;7968;42;;7926;1365;3516;1754;441;51;24;82;529;24;29;37;19;22;18;12;1;;1;1;;;;;
Berkel-Enschot;G0751;11132;Noord-Brabant;P30;5927;5471;21;;5450;844;2659;1370;335;6;10;91;5;27;31;33;7;5;16;6;3;;1;1;;;;;
Berkenwoude;G0494;10797;Zuid-Holland;P28;948;902;5;;897;180;129;337;57;150;5;7;3;4;12;6;6;1;;;;;;;;;;;
Berkhout;G0374;10354;Noord-Holland;P27;3290;3026;12;;3014;756;1159;708;183;1;32;45;3;25;18;24;1;3;49;6;;;;1;;;;;
Berlicum;G0752;10362;Noord-Brabant;P30;5043;4383;1;;4382;960;2263;668;210;4;17;107;10;24;38;33;;2;15;23;4;3;;1;;;;;
Best;G0753;10442;Noord-Brabant;P30;10867;9275;39;;9236;2811;4195;1322;421;16;49;162;9;43;68;27;9;20;44;22;8;6;3;1;;;;;
Beuningen;G0209;10417;Gelderland;P25;5600;5001;20;;4981;1485;2201;776;216;4;14;76;9;50;46;13;10;5;22;52;;;2;;;;;;
Beusichem;G0210;11182;Gelderland;P25;1921;1760;6;;1754;623;363;508;85;67;8;18;6;5;29;19;7;8;4;2;;1;;1;;;;;
Beverwijk;G0375;10272;Noord-Holland;P27;25557;22468;211;;22257;8709;6290;3688;1496;55;661;439;80;205;147;178;76;78;108;20;;10;11;6;;;;;
Bierum;G0008;11294;Groningen;P20;2789;2540;18;;2522;767;1240;304;68;7;16;39;41;6;12;1;14;3;;1;;3;;;;;;;
Bingelrade;G0894;10967;Limburg;P31;593;551;5;;546;121;332;37;16;;4;9;;7;13;2;;2;;;;1;;2;;;;;
Bladel en Netersel;G0754;11006;Noord-Brabant;P30;5620;4915;21;;4894;902;2889;677;197;2;25;61;6;42;39;19;2;6;17;7;1;2;;;;;;;
Blaricum;G0376;10493;Noord-Holland;P27;6338;5822;48;;5774;1194;1472;2118;493;23;46;114;19;75;59;83;21;19;27;5;;6;;;;;;;
Bleiswijk;G0495;10994;Zuid-Holland;P28;4579;4267;16;;4251;733;1685;1138;297;225;5;35;35;5;19;36;21;4;8;1;3;1;;;;;;;
Bleskensgraaf en Hofwegen;G0496;10451;Zuid-Holland;P28;1427;1326;22;;1304;248;417;155;54;344;7;11;21;6;14;6;17;3;1;;;;;;;;;;
Bloemendaal;G0377;10850;Noord-Holland;P27;13470;12154;96;;12058;1916;3133;5220;937;44;57;168;72;112;46;203;33;29;71;6;;7;3;1;;;;;
Blokker;G0378;10804;Noord-Holland;P27;2295;2124;18;;2106;380;1013;418;110;2;6;43;2;16;21;9;2;3;80;1;;;;;;;;;
Bocholtz;G0895;10986;Limburg;P31;3527;3160;40;;3120;1093;1492;272;76;2;55;40;2;12;23;9;;5;23;5;;9;2;;;;;;
Bodegraven;G0497;11091;Zuid-Holland;P28;10092;9083;61;;9022;1869;3840;1724;480;535;36;99;121;55;59;38;122;9;18;11;1;1;1;3;;;;;
Boekel;G0755;10432;Noord-Brabant;P30;4922;4373;26;;4347;686;2905;476;106;2;9;34;1;23;32;20;2;14;20;11;4;1;;1;;;;;
Bolsward;G0064;10865;Fryslân;P21;6554;5895;31;;5864;1771;2992;536;256;25;28;99;33;32;19;16;22;7;21;4;;2;;1;;;;;
Borculo;G0211;11307;Gelderland;P25;6687;6216;23;;6193;2367;1706;1459;347;10;20;69;29;28;89;28;13;12;8;5;;1;1;1;;;;;
Borger;G0108;10448;Drenthe;P22;8279;7806;40;;7766;3803;1706;1449;288;10;101;117;63;36;61;45;42;14;7;9;;4;2;9;;;;;
Born;G0897;10927;Limburg;P31;5035;4502;45;;4457;1174;2350;589;142;2;22;58;;24;27;18;;7;14;2;;23;3;2;;;;;
Borne;G0147;10326;Overijssel;P23;12341;11557;35;;11522;3384;5678;1333;508;24;64;159;38;38;110;34;24;17;80;23;;2;2;4;;;;;
Borsele;G0654;10043;Zeeland;P29;11890;10690;38;;10652;2499;4596;1357;363;1096;23;149;104;37;154;34;113;22;95;5;;2;2;1;;;;;
Boskoop;G0499;10419;Zuid-Holland;P28;8758;8068;60;;8008;1657;3047;2066;420;316;38;106;50;73;41;36;80;17;42;16;;2;;1;;;;;
Bovenkarspel;G0379;10945;Noord-Holland;P27;5579;4959;21;;4938;1582;1635;925;392;12;101;107;6;28;30;42;2;27;43;5;;;;1;;;;;
Boxmeer;G0756;11227;Noord-Brabant;P30;8400;7424;33;;7391;1865;4076;811;283;3;26;129;3;52;47;15;1;5;36;34;;5;;;;;;;
Boxtel;G0757;10083;Noord-Brabant;P30;15060;12935;72;;12863;4000;5758;1707;693;9;39;217;11;66;108;46;1;22;78;84;15;2;4;3;;;;;
Brakel;G0212;11125;Gelderland;P25;4022;3584;21;;3563;1131;845;274;88;1045;8;24;22;12;64;10;31;5;1;3;;;;;;;;;
Brandwijk;G0500;10169;Zuid-Holland;P28;759;699;7;;692;141;244;114;22;144;;4;6;1;4;3;5;1;;;3;;;;;;;;
Breda;G0758;10154;Noord-Brabant;P30;85039;71850;496;;71354;25101;22680;13992;4305;125;545;1365;102;918;663;421;61;245;472;124;131;41;33;30;;;;;
Brederwiede;G0194;11088;Overijssel;P23;7713;7155;27;;7128;2197;2755;910;271;83;38;62;553;27;100;37;81;5;5;1;;3;;;;;;;
Breukelen;G0311;10807;Utrecht;P26;6904;6276;35;;6241;1226;2082;1635;504;335;33;107;72;36;54;45;74;15;15;5;2;;1;;;;;;
Brielle;G0501;10232;Zuid-Holland;P28;6945;6298;31;;6267;2395;1253;1706;513;57;36;105;13;42;23;29;34;38;16;2;1;2;1;1;;;;;
Broek in Waterland;G0380;10289;Noord-Holland;P27;1805;1639;11;;1628;500;323;515;147;13;29;33;2;18;22;15;4;3;2;;;;1;;1;;;;
Broekhuizen;G0898;10856;Limburg;P31;1130;1026;4;;1022;165;642;130;31;;5;8;;14;14;1;;1;10;;;1;;;;;;;
Brouwershaven;G0656;10030;Zeeland;P29;2522;2337;10;;2327;988;407;569;104;76;18;34;74;11;16;15;9;5;1;;;;;;;;;;
Bruinisse;G0657;11291;Zeeland;P29;2136;2015;10;;2005;581;477;373;72;391;3;16;22;8;16;11;24;7;1;2;;1;;;;;;;
Brummen;G0213;10798;Gelderland;P25;13367;12280;38;;12242;5898;2756;2215;638;43;77;159;49;63;167;95;30;18;19;10;;1;;2;;2;;;
Brunssum;G0899;10533;Limburg;P31;18215;15361;144;;15217;6203;5972;1455;371;9;338;303;65;94;101;50;4;28;140;37;;30;11;6;;;;;
Budel;G0759;10219;Noord-Brabant;P30;7156;5966;28;;5938;1554;3237;634;215;1;9;53;3;31;91;23;;11;46;2;16;11;;1;;;;;
Bunde;G0900;10831;Limburg;P31;3194;2845;9;;2836;661;1329;590;111;;17;48;;9;16;15;;7;24;4;;4;1;;;;;;
Bunnik;G0312;10820;Utrecht;P26;8470;8008;30;;7978;1450;3082;2019;676;174;45;218;35;97;27;58;31;11;35;17;2;1;;;;;;;
Bunschoten;G0313;11343;Utrecht;P26;9724;9105;94;;9011;782;3117;1177;260;323;15;47;2484;13;41;20;699;11;6;3;4;7;;2;;;;;
Buren;G0214;11286;Gelderland;P25;2109;1932;7;;1925;767;445;410;111;89;7;24;11;5;23;14;9;1;3;3;;2;;1;;;;;
Bussum;G0381;10281;Noord-Holland;P27;27280;24365;251;;24114;5720;6400;7691;1974;242;280;471;159;309;126;303;163;88;149;16;;12;7;4;;;;;
Buurmalsen;G0215;10460;Gelderland;P25;2092;1957;9;;1948;672;526;368;92;185;6;22;9;14;29;12;11;1;1;;;;;;;;;;
Cadier en Keer;G0901;11447;Limburg;P31;2360;2112;19;;2093;413;1013;475;86;;11;33;1;5;15;8;1;5;23;1;;3;;;;;;;
Callantsoog;G0382;10559;Noord-Holland;P27;1727;1659;6;;1653;553;254;624;113;;33;7;7;6;23;20;3;3;2;2;;2;;1;;;;;
Capelle aan den IJssel;G0502;11248;Zuid-Holland;P28;26359;23079;152;;22927;8949;3599;5070;1938;1746;188;244;489;147;53;161;129;151;22;17;8;1;8;7;;;;;
Castricum;G0383;11287;Noord-Holland;P27;15230;13979;66;;13913;3482;4335;3688;1334;15;101;429;28;155;68;151;21;25;57;6;;6;3;4;5;;;;
Chaam;G0760;11433;Noord-Brabant;P30;2293;2230;21;;2209;398;1163;418;92;8;5;25;3;10;61;9;4;5;4;;3;1;;;;;;;
Coevorden;G0109;10383;Drenthe;P22;8878;8024;35;;7989;3191;3093;1051;287;17;25;75;49;23;49;36;23;9;33;16;;5;3;4;;;;;
Cothen;G0314;11316;Utrecht;P26;1439;1330;4;;1326;270;746;195;33;32;6;11;2;17;1;4;2;;7;;;;;;;;;;
Cuijk en Sint Agatha;G0761;10023;Noord-Brabant;P30;9652;8440;37;;8403;2615;3679;1142;458;3;30;156;;58;102;32;;19;33;63;6;4;2;1;;;;;
Culemborg;G0216;10342;Gelderland;P25;11993;10688;32;;10656;3848;2991;2040;602;195;144;251;51;144;103;60;54;72;59;34;;5;2;1;;;;;
Dalen;G0110;11004;Drenthe;P22;3697;3524;21;;3503;1413;712;1074;119;2;26;27;7;6;71;19;7;8;3;6;;;1;2;;;;;
Dalfsen;G0148;11007;Overijssel;P23;8985;8523;16;;8507;1277;4750;1090;309;82;5;56;561;15;165;29;109;5;52;1;;;;1;;;;;
Dantumadeel;G0065;10650;Fryslân;P21;11882;10605;103;;10502;3126;4806;706;254;733;63;76;280;42;88;31;266;21;3;3;;1;1;2;;;;;
De Bilt;G0310;10168;Utrecht;P26;23647;21840;129;;21711;5071;5574;7071;1946;394;93;419;273;248;70;232;133;34;66;45;22;8;3;9;;;;;
De Lier;G0552;10241;Zuid-Holland;P28;5413;5061;22;;5039;649;2766;1108;189;43;15;26;118;4;39;28;20;15;18;;;1;;;;;;;
De Wijk;G0135;10753;Drenthe;P22;3230;2963;10;;2953;1003;736;905;116;6;14;22;27;20;72;8;7;9;1;3;;1;1;2;;;;;
Deil;G0217;10057;Gelderland;P25;2212;2055;6;;2049;664;581;526;102;60;10;29;11;7;37;12;2;3;4;1;;;;;;;;;
Delft;G0503;10928;Zuid-Holland;P28;62427;55560;213;;55347;20784;13430;9585;4627;776;1629;1592;419;931;193;462;315;215;209;100;21;21;22;9;;7;;;
Delfzijl;G0010;10976;Groningen;P20;15676;13405;60;;13345;6421;3009;1936;637;27;396;177;279;98;64;92;121;33;9;26;;5;10;5;;;;;
Den Dungen;G0768;10491;Noord-Brabant;P30;2528;2349;13;;2336;536;1356;220;116;;5;36;1;10;31;8;;;13;;2;1;;1;;;;;
Den Ham;G0159;10395;Overijssel;P23;8627;7906;23;;7883;1850;4613;468;122;98;16;44;343;15;181;26;82;5;12;8;;;;;;;;;
Den Helder;G0400;10285;Noord-Holland;P27;42243;35325;218;;35107;11581;7938;10809;2031;234;252;431;400;212;183;500;257;146;80;16;;12;5;8;12;;;;
Denekamp;G0149;10245;Overijssel;P23;7350;6973;32;;6941;1190;4614;642;177;11;11;68;4;25;105;10;8;3;69;2;;1;;1;;;;;
Deurne;G0762;10379;Noord-Brabant;P30;17279;14428;69;;14359;3126;8333;1630;473;5;96;205;6;132;153;43;8;25;84;23;5;6;3;3;;;;;
Deventer;G0150;10899;Overijssel;P23;45232;39971;159;;39812;18840;8469;6445;2561;146;887;845;205;375;251;304;164;81;130;73;;15;14;7;;;;;
Didam;G0218;10153;Gelderland;P25;9384;8414;19;;8395;2393;4324;824;259;9;16;114;9;18;251;23;6;20;118;6;;2;2;1;;;;;
Diemen;G0384;11039;Noord-Holland;P27;9753;8740;63;;8677;2808;1829;2137;842;29;258;201;21;232;48;121;35;53;32;19;;6;3;3;;;;;
Diepenheim;G0151;10311;Overijssel;P23;1046;1747;10;;1737;739;354;480;82;4;5;14;4;5;32;15;2;;1;;;;;;;;;;
Diepenveen;G0152;10933;Overijssel;P23;6979;6577;18;;6559;1505;2733;1529;413;15;27;113;11;32;78;39;20;10;30;3;;;1;;;;;;
Diessen;G0763;11185;Noord-Brabant;P30;2079;1964;15;;1949;197;1452;157;56;1;8;27;2;8;24;4;;2;5;3;1;;2;;;;;;
Diever;G0111;10418;Drenthe;P22;2243;2249;15;;2234;889;571;502;78;4;11;28;26;27;46;25;10;2;6;5;;3;1;;;;;;
Dinteloord en Prinsenland;G0764;11193;Noord-Brabant;P30;3574;3210;37;;3173;1085;1104;471;123;253;16;12;19;10;11;8;40;3;13;;1;1;1;2;;;;;
Dinxperlo;G0219;11154;Gelderland;P25;4676;4097;20;;4077;962;2341;534;70;12;9;34;3;13;38;16;21;3;19;2;;;;;;;;;
Dirksland;G0504;11344;Zuid-Holland;P28;4631;4209;59;;4150;1303;788;452;103;1270;15;22;53;13;45;22;47;10;2;;3;1;;;;1;;;
Dodewaard;G0220;10647;Gelderland;P25;2463;2256;8;;2248;969;552;316;78;255;4;12;7;7;29;6;8;1;;2;;2;;;;;;;
Doesburg;G0221;10327;Gelderland;P25;6559;5804;22;;5782;2607;1793;797;227;27;31;68;39;28;33;27;18;4;43;15;;3;13;9;;;;;
Doetinchem;G0222;10396;Gelderland;P25;24285;21420;65;;21355;7890;7295;3615;998;172;120;397;104;133;238;150;68;27;83;50;;4;8;3;;;;;
Dokkum;G0066;10198;Fryslân;P21;7366;6742;34;;6708;1526;3935;546;208;102;25;72;153;13;17;23;78;2;5;1;;1;;1;;;;;
Domburg;G0660;10236;Zeeland;P29;2637;2783;6;;2777;654;934;610;101;304;12;20;41;9;15;21;45;4;5;;;2;;;;;;;
Dongen;G0766;11412;Noord-Brabant;P30;12852;11183;67;;11116;3396;4882;1619;539;8;77;206;7;57;146;33;3;15;67;34;18;5;2;2;;;;;
Doniawerstal;G0067;10086;Fryslân;P21;4070;3829;20;;3809;932;2081;478;136;34;14;44;13;10;25;15;14;2;7;1;;1;;2;;;;;
Doorn;G0315;10213;Utrecht;P26;8434;7126;43;;7083;1390;1948;2487;480;310;30;106;53;53;54;62;61;11;12;12;4;4;2;4;;;;;
Dordrecht;G0505;11157;Zuid-Holland;P28;72299;62088;466;;61622;27738;12919;11142;3221;1830;909;991;581;564;256;358;521;289;95;96;57;14;18;21;;2;;;
Dreumel;G0224;11232;Gelderland;P25;2184;1959;6;;1953;490;1034;246;71;;13;23;;12;28;5;;1;23;5;;1;;1;;;;;
Driebergen-Rijsenburg;G0316;10777;Utrecht;P26;11932;10998;69;;10929;2519;3267;3083;678;510;61;207;155;131;67;94;91;18;28;14;3;3;;;;;;;
Driebruggen;G0506;10830;Zuid-Holland;P28;2593;2383;24;;2359;268;1100;408;77;351;1;34;26;7;37;12;17;7;9;1;1;3;;;;;;;
Dronten;G0303;10210;Niet-provinciaal ingedeeld;P99;10176;9388;16;;9372;2308;3685;1885;478;147;68;181;190;50;49;50;230;25;20;;;3;2;1;;;;;
Drunen;G0767;10428;Noord-Brabant;P30;8831;7887;30;;7857;1838;3980;1221;394;6;38;111;6;55;106;28;5;13;28;23;2;1;1;1;;;;;
Druten;G0225;10068;Gelderland;P25;7690;6587;21;;6566;2137;3105;635;239;6;25;144;2;50;102;13;4;10;22;68;;2;2;;;;;;
Duiveland;G0662;11237;Zeeland;P29;3145;2880;10;;2870;819;557;449;91;818;4;17;43;12;11;17;26;4;;1;;;;1;;;;;
Duiven;G0226;11028;Gelderland;P25;5871;5313;31;;5282;1306;2712;721;223;8;14;92;14;24;78;18;4;25;28;13;;1;1;;;;;;
Dussen;G0769;10261;Noord-Brabant;P30;3639;3251;15;;3236;887;1559;372;95;131;10;24;16;7;48;12;27;6;29;2;9;1;1;;;;;;
Dwingeloo;G0112;10331;Drenthe;P22;2514;2571;11;;2560;1085;546;679;102;3;1;39;16;20;40;9;6;3;1;8;;2;;;;;;;
Echt;G0902;10941;Limburg;P31;12044;10203;129;;10074;2914;4753;1098;207;6;117;178;8;175;219;66;5;17;247;11;;37;10;6;;;;;
Echteld;G0227;10832;Gelderland;P25;4057;3799;17;;3782;1620;682;683;126;501;5;24;29;9;58;11;17;7;3;5;;1;;1;;;;;
Edam-Volendam;G0385;10884;Noord-Holland;P27;14254;13081;84;;12997;2669;6621;2233;619;12;100;223;17;49;74;77;5;45;232;2;;3;4;2;10;;;;
Ede;G0228;10743;Gelderland;P25;53156;48823;157;;48666;9550;16051;9746;2434;6369;118;635;628;232;1562;314;665;134;75;117;;12;6;12;;6;;;
Eelde;G0113;10622;Drenthe;P22;7092;6735;28;;6707;2464;1108;2091;611;6;46;113;39;58;59;52;17;24;7;6;;1;2;3;;;;;
Eemnes;G0317;10248;Utrecht;P26;3904;3638;18;;3620;732;1289;901;331;69;18;97;26;25;55;17;34;8;11;2;;2;1;2;;;;;
Eenrum;G0011;10904;Groningen;P20;1760;1637;6;;1631;895;191;301;46;3;13;49;87;21;4;6;7;2;3;2;;1;;;;;;;
Eersel;G0770;10741;Noord-Brabant;P30;6766;6067;22;;6045;854;3649;949;313;;14;105;;30;60;20;5;13;21;7;2;1;;2;;;;;
Egmond aan Zee;G0386;10421;Noord-Holland;P27;4026;3681;21;;3660;1763;671;779;195;2;65;53;7;23;22;40;4;21;10;1;;2;1;;1;;;;
Egmond-Binnen;G0387;10989;Noord-Holland;P27;3602;3294;19;;3275;630;1515;710;186;2;28;65;1;32;27;30;4;5;33;1;;1;3;2;;;;;
Eibergen;G0229;10436;Gelderland;P25;10401;9789;32;;9757;2671;5141;1106;321;7;19;133;18;62;110;23;26;10;82;23;;4;;1;;;;;
Eijgelshoven;G0904;10960;Limburg;P31;3996;3351;59;;3292;1379;1105;440;95;1;56;70;1;30;43;22;1;9;12;20;;3;2;3;;;;;
Eijsden;G0905;10314;Limburg;P31;4838;4204;37;;4167;1053;2026;718;114;1;18;62;;45;39;14;2;4;55;7;;7;2;;;;;;
Eindhoven;G0772;11298;Noord-Brabant;P30;134547;111281;557;;110724;36230;40362;17532;7300;165;992;2561;314;1436;823;813;177;309;586;890;86;60;56;32;;;;;
Elburg;G0230;11113;Gelderland;P25;11754;10947;53;;10894;1690;3327;2017;358;2191;36;88;210;47;247;52;604;12;6;5;;1;;2;;1;;;
Elsloo;G0903;11187;Limburg;P31;5439;4692;43;;4649;1442;2125;580;190;;71;88;1;27;37;11;;5;54;5;;12;;1;;;;;
Elst;G0231;11188;Gelderland;P25;10958;9646;84;;9562;2363;4641;1639;371;35;21;230;22;68;32;48;17;13;21;32;;2;1;6;;;;;
Emmen;G0114;11180;Drenthe;P22;58752;52240;287;;51953;25122;16017;5172;1764;124;1111;557;420;286;300;210;390;93;154;137;;26;28;42;;;;;
Enkhuizen;G0388;10729;Noord-Holland;P27;9362;8468;46;;8422;3147;2384;1414;550;187;191;133;80;77;55;65;94;18;14;4;;3;3;2;1;;;;
Enschede;G0153;10364;Overijssel;P23;96975;86145;354;;85791;37966;20667;12806;4251;305;2742;1402;2051;694;694;412;719;240;288;482;;33;26;13;;;;;
Epe;G0232;10940;Gelderland;P25;21815;20080;88;;19992;6792;5608;4396;1047;723;100;224;101;105;442;125;220;50;41;7;;4;2;5;;;;;
Ermelo;G0233;10732;Gelderland;P25;16277;14330;45;;14285;1662;6502;3140;586;844;52;282;466;74;184;109;328;25;12;12;;3;;2;;2;;;
Erp;G0775;10385;Noord-Brabant;P30;3452;3221;18;;3203;363;2435;244;60;;4;10;1;24;32;3;;4;8;8;3;1;3;;;;;;
Esch;G0776;10709;Noord-Brabant;P30;1148;1068;12;;1056;206;681;95;30;1;3;15;;7;6;2;;;7;2;1;;;;;;;;
Est en Opijnen;G0234;11092;Gelderland;P25;832;769;2;;767;343;140;151;27;71;2;9;4;7;6;5;;1;;1;;;;;;;;;
Etten-Leur;G0777;10750;Noord-Brabant;P30;17240;14716;73;;14643;4931;5916;2332;746;7;64;198;7;75;196;55;12;26;49;12;10;1;4;2;;;;;
Everdingen;G0508;10638;Zuid-Holland;P28;1196;1081;5;;1076;198;382;237;43;142;;10;8;8;34;2;5;4;3;;;;;;;;;;
Ewijk;G0235;10471;Gelderland;P25;3055;2789;11;;2778;619;1638;268;114;1;3;37;2;9;53;4;1;1;17;11;;;;;;;;;
Ezinge;G0012;10136;Groningen;P20;1224;1169;5;;1164;460;356;198;33;2;16;40;18;15;7;4;12;2;1;;;;;;;;;;
Ferwerderadeel;G0068;11284;Fryslân;P21;5488;5103;34;;5069;1059;2923;532;136;19;9;32;201;48;18;18;54;8;3;3;4;1;;1;;;;;
Fijnaart en Heijningen;G0778;10206;Noord-Brabant;P30;4222;3853;21;;3832;1312;1615;552;157;43;15;34;18;11;24;13;19;5;10;;1;1;1;1;;;;;
Finsterwolde;G0013;10212;Groningen;P20;2034;1862;21;;1841;541;87;172;20;2;952;14;3;8;7;11;18;3;1;;;1;1;;;;;;
Franeker;G0069;11226;Fryslân;P21;8142;7226;52;;7174;2650;2715;931;356;41;58;92;48;45;28;32;137;16;16;2;2;1;3;1;;;;;
Franekeradeel;G0070;10404;Fryslân;P21;2646;2430;22;;2408;816;1060;306;89;11;11;41;13;16;13;3;21;3;3;2;;;;;;;;;
Gaasterland;G0071;10036;Fryslân;P21;4830;4455;20;;4435;789;2647;409;144;184;17;54;27;32;37;31;39;7;12;1;4;1;;;;;;;
Gasselte;G0115;11099;Drenthe;P22;2860;2633;16;;2617;1394;419;509;114;9;84;35;8;8;15;7;5;1;;2;;4;2;1;;;;;
Geertruidenberg;G0779;10101;Noord-Brabant;P30;4158;3519;26;;3493;1437;1231;441;172;11;28;50;4;14;45;17;1;3;19;6;12;;1;1;;;;;
Geervliet;G0509;10842;Zuid-Holland;P28;1668;1489;11;;1478;690;253;346;92;34;10;16;3;12;7;6;3;5;;;;;;1;;;;;
Geffen;G0780;10370;Noord-Brabant;P30;2765;2381;21;;2360;555;1317;247;75;1;4;28;1;2;48;11;1;2;14;50;2;2;;;;;;;
Geldermalsen;G0236;10881;Gelderland;P25;6258;5749;21;;5728;2295;1276;1050;230;608;29;78;25;22;40;30;23;16;4;1;;1;;;;;;;
Geldrop;G0781;10529;Noord-Brabant;P30;17242;14665;51;;14614;3918;6083;2659;1008;10;72;388;32;84;103;95;31;45;29;27;10;7;7;6;;;;;
Geleen;G0906;10048;Limburg;P31;24625;20796;234;;20562;7279;8180;3053;779;13;139;383;14;162;154;99;15;60;139;28;;41;14;10;;;;;
Gemert;G0782;10277;Noord-Brabant;P30;10412;8878;60;;8818;2404;4532;1013;315;1;63;117;4;88;116;46;4;16;47;32;10;8;2;;;;;;
Gendringen;G0237;10260;Gelderland;P25;12053;10821;46;;10775;2457;6550;894;262;20;48;146;25;76;123;24;12;6;103;18;;2;6;3;;;;;
Gendt;G0238;10440;Gelderland;P25;4415;3957;9;;3948;1143;2059;421;167;5;4;65;3;12;32;9;;4;18;6;;;;;;;;;
Genemuiden;G0154;10746;Overijssel;P23;3793;3472;9;;3463;615;1041;290;68;1040;4;21;72;3;44;11;248;3;2;;;1;;;;;;;
Gennep;G0907;10542;Limburg;P31;9826;7889;61;;7828;1949;3879;996;497;1;27;172;3;101;84;22;1;18;34;37;;5;1;1;;;;;
Geulle;G0908;10530;Limburg;P31;1972;1657;19;;1638;406;794;242;60;;12;42;;9;16;6;;3;40;2;;6;;;;;;;
Giessenburg;G0510;10255;Zuid-Holland;P28;2769;2586;14;;2572;622;913;481;96;264;4;18;40;7;46;8;69;3;;;1;;;;;;;;
Gieten;G0116;10506;Drenthe;P22;3966;3672;19;;3653;1950;455;942;141;3;30;27;12;10;26;36;3;6;4;4;;2;1;1;;;;;
Gilze en Rijen;G0784;11375;Noord-Brabant;P30;13056;11711;53;;11658;3351;5388;1786;563;11;38;143;4;69;155;54;6;23;31;19;10;4;3;;;;;;
Goedereede;G0511;10981;Zuid-Holland;P28;6496;6182;82;;6100;1448;1108;805;150;2312;15;28;65;7;79;25;45;11;;1;;;;;;1;;;
Goes;G0664;10674;Zeeland;P29;20451;17931;57;;17874;5924;5520;2974;931;1315;78;291;179;77;130;108;209;49;67;16;;1;1;4;;;;;
Goirle;G0785;10971;Noord-Brabant;P30;9294;8049;43;;8006;2399;3346;1266;431;3;47;209;4;93;62;40;5;18;19;21;38;2;3;;;;;;
Goor;G0156;10076;Overijssel;P23;7800;7224;26;;7198;3142;2082;1194;375;10;38;101;50;19;62;46;18;10;26;24;;1;;;;;;;
Gorinchem;G0512;10942;Zuid-Holland;P28;19024;16687;94;;16593;7994;3575;2615;795;447;200;260;121;85;64;160;169;70;8;9;9;7;1;2;;2;;;
Gorssel;G0239;10085;Gelderland;P25;10477;9734;40;;9694;2661;2887;2882;678;24;27;149;40;49;129;79;39;20;19;5;;4;1;;;1;;;
Gouda;G0513;10302;Zuid-Holland;P28;39950;35273;258;;35015;13580;8110;6744;2408;1485;415;605;366;350;147;301;208;125;88;25;22;14;13;9;;;;;
Gouderak;G0514;11258;Zuid-Holland;P28;1764;1594;13;;1581;500;350;355;85;200;8;12;19;10;12;3;18;4;1;2;1;;1;;;;;;
Goudriaan;G0515;10450;Zuid-Holland;P28;506;482;6;;476;71;177;89;21;91;1;2;7;;10;1;5;;;;;;1;;;;;;
Goudswaard;G0516;10914;Zuid-Holland;P28;1063;928;8;;920;286;133;133;12;320;;9;5;3;4;3;7;;;4;1;;;;;;;;
Graft-De Rijp;G0365;11417;Noord-Holland;P27;3305;3035;19;;3016;984;815;743;206;8;78;40;2;59;29;31;1;2;11;2;;2;1;1;1;;;;
Gramsbergen;G0157;11339;Overijssel;P23;3828;3610;20;;3590;1188;1767;306;63;4;4;21;105;6;69;12;40;;;;;4;1;;;;;;
Grathem;G0909;11008;Limburg;P31;1752;1554;13;;1541;200;990;224;31;;4;16;;18;23;5;1;;21;;;8;;;;;;;
Grave;G0786;10165;Noord-Brabant;P30;6276;5534;29;;5505;1310;2612;959;314;1;9;123;6;34;40;22;3;4;25;40;;3;;;;;;;
Grevenbicht;G0910;10624;Limburg;P31;1875;1679;21;;1658;545;783;194;57;;12;18;;10;15;8;4;1;8;1;;1;1;;;;;;
Grijpskerk;G0016;10244;Groningen;P20;2681;2511;14;;2497;402;1466;275;62;10;11;36;169;22;16;15;6;3;;3;;;;1;;;;;
Groenlo;G0240;11094;Gelderland;P25;5495;4929;2;;4927;992;2820;571;133;6;17;166;11;30;44;28;2;4;80;4;;2;;17;;;;;
Groesbeek;G0241;10616;Gelderland;P25;12659;11057;58;;10999;3769;5137;992;435;9;49;270;13;106;52;32;10;17;71;33;;3;1;;;;;;
Groningen;G0014;10426;Groningen;P20;123533;108387;505;;107882;46843;19121;15449;7095;233;4989;3554;4906;2643;371;768;571;333;173;726;;32;39;36;;;;;
Gronsveld;G0911;10323;Limburg;P31;2425;2202;5;;2197;436;1161;411;65;;12;29;;10;33;6;1;2;25;3;;3;;;;;;;
Groot-Ammers;G0520;11205;Zuid-Holland;P28;1864;1753;20;;1733;407;516;331;77;300;4;8;25;3;27;5;25;3;;;1;1;;;;;;;
Grootebroek;G0391;11337;Noord-Holland;P27;5428;4823;32;;4791;1251;2008;825;297;1;62;110;4;36;47;40;3;24;79;2;;2;;;;;;;
Grootegast;G0015;11080;Groningen;P20;5632;5152;30;;5122;1100;2783;459;95;24;34;44;291;22;157;13;77;17;2;2;;1;1;;;;;;
Grubbenvorst;G0912;10176;Limburg;P31;4078;3628;26;;3602;648;2072;605;135;;5;47;3;22;25;13;2;1;21;1;;2;;;;;;;
Gulpen;G0913;11032;Limburg;P31;3091;2805;27;;2778;803;1319;365;80;5;17;46;;18;41;15;1;1;58;2;;7;;;;;;;
Haaften;G0242;10125;Gelderland;P25;2546;2360;10;;2350;1009;608;369;70;192;5;24;19;8;22;4;15;3;;;;1;;1;;;;;
Haaksbergen;G0158;11435;Overijssel;P23;13514;12512;52;;12460;2945;6493;1739;535;5;46;194;16;51;229;47;18;18;101;15;;2;4;2;;;;;
Haaren;G0788;11155;Noord-Brabant;P30;3134;2761;14;;2747;444;1716;358;102;1;13;32;;24;27;8;;1;12;8;1;;;;;;;;
Haarlem;G0392;10357;Noord-Holland;P27;118675;103351;711;;102640;38706;24499;20763;7812;373;2600;2200;455;1428;777;1253;344;425;729;130;;61;43;42;;;;;
Haarlemmerliede en Spaarnwoude;G0393;10508;Noord-Holland;P27;3100;2873;32;;2841;645;1177;604;151;17;57;50;16;26;19;30;3;13;25;6;;2;;;;;;;
Haarlemmermeer;G0394;11387;Noord-Holland;P27;49689;44271;326;;43945;11081;13829;11852;3218;592;714;691;278;272;275;416;359;151;149;28;;15;12;13;;;;;
Haastrecht;G0521;11049;Zuid-Holland;P28;2875;2697;19;;2678;592;1089;537;153;108;8;66;23;30;27;9;17;3;13;1;;1;1;;;;;;
Haelen;G0914;10321;Limburg;P31;3762;3203;23;;3180;607;1623;533;119;1;7;44;2;22;61;17;4;4;121;1;;13;;1;;;;;
Hagestein;G0522;10297;Zuid-Holland;P28;819;770;4;;766;147;299;144;30;120;2;7;2;2;6;2;3;1;1;;;;;;;;;;
Halsteren;G0789;10387;Noord-Brabant;P30;8209;6931;65;;6866;2423;2381;1284;337;32;32;73;16;47;109;45;4;23;39;2;13;3;3;;;;;;
Haps;G0790;11283;Noord-Brabant;P30;1676;1605;10;;1595;246;1103;145;46;;1;11;;12;20;2;;1;5;2;;1;;;;;;;
Hardenberg;G0160;10174;Overijssel;P23;18284;17355;65;;17290;3886;8677;1310;334;41;31;138;2241;49;281;42;186;24;31;17;;2;;;;;;;
Harderwijk;G0243;10786;Gelderland;P25;18975;17294;57;;17237;2721;7246;3579;733;1206;90;259;383;55;293;123;451;34;38;19;;6;1;;;;;;
Hardinxveld-Giessendam;G0523;10167;Zuid-Holland;P28;10446;9488;60;;9428;2940;1979;1185;294;2050;48;62;435;16;112;34;241;19;4;1;1;2;1;3;;1;;;
Haren;G0017;11058;Groningen;P20;13534;12563;35;;12528;3295;3295;3832;989;13;67;188;385;97;78;134;102;31;11;4;;;1;6;;;;;
Harenkarspel;G0395;10963;Noord-Holland;P27;3558;3214;31;;3183;791;1493;525;161;1;37;49;10;24;32;20;5;5;27;1;;;;;2;;;;
Harlingen;G0072;10909;Fryslân;P21;9981;9011;62;;8949;4080;2427;1148;509;34;96;122;312;35;34;48;43;17;24;7;5;4;1;3;;;;;
Harmelen;G0318;10183;Utrecht;P26;4372;3915;21;;3894;601;1678;1011;279;121;12;53;11;20;41;13;19;8;20;6;1;;;;;;;;
Haskerland;G0073;10022;Fryslân;P21;9801;8841;37;;8804;3266;3621;1040;378;53;56;123;49;34;74;40;37;12;19;;;;1;1;;;;;
Hasselt;G0161;10115;Overijssel;P23;3803;3514;8;;3506;705;1398;362;145;276;4;12;309;13;47;15;205;2;10;;;3;;;;;;;
Hattem;G0244;10673;Gelderland;P25;7535;7117;33;;7084;2307;2245;1012;319;101;48;46;634;10;62;28;248;13;6;;;2;;2;;1;;;
Havelte;G0117;10186;Drenthe;P22;4021;3777;16;;3761;1835;385;1104;184;17;15;54;16;23;50;42;12;8;;7;;2;3;4;;;;;
Hazerswoude;G0524;11257;Zuid-Holland;P28;6330;5844;49;;5795;966;2601;1218;316;248;33;117;27;42;31;31;125;11;19;8;1;;;1;;;;;
Hedel;G0245;10982;Gelderland;P25;2246;2058;4;;2054;471;883;289;88;233;9;9;23;5;14;8;2;10;5;4;;;1;;;;;;
Heel en Panheel;G0915;11208;Limburg;P31;3174;2229;16;;2213;461;1182;305;105;3;4;72;4;14;15;8;3;;20;3;;11;3;;;;;;
Heemskerk;G0396;10679;Noord-Holland;P27;19369;17346;103;;17243;5904;5592;2914;1382;42;263;473;69;157;97;163;49;47;68;16;;4;;3;;;;;
Heemstede;G0397;11288;Noord-Holland;P27;19681;17885;123;;17762;3106;5293;6677;1391;50;103;387;82;140;74;205;76;40;118;7;;7;2;4;;;;;
Heenvliet;G0525;10823;Zuid-Holland;P28;2086;1883;8;;1875;834;231;491;144;23;49;36;10;16;12;10;6;12;;1;;;;;;;;;
Heerde;G0246;10291;Gelderland;P25;11569;10690;34;;10656;3513;3558;1343;334;471;27;79;234;40;350;50;638;8;3;3;;2;2;;;1;;;
Heerenveen;G0074;10680;Fryslân;P21;24556;21879;132;;21747;9916;4783;3249;1181;64;1213;342;189;179;192;185;146;38;21;18;14;3;13;1;;;;;
Heerewaarden;G0247;10067;Gelderland;P25;780;740;3;;737;428;88;156;30;4;6;9;;5;5;2;;4;;;;;;;;;;;
Heerhugowaard;G0398;10752;Noord-Holland;P27;15994;14365;54;;14311;4074;4950;3218;1141;6;152;274;35;144;43;107;58;24;70;2;;4;2;5;2;;;;
Heerjansdam;G0526;10540;Zuid-Holland;P28;2332;2107;19;;2088;728;610;448;120;92;4;18;9;15;3;20;14;5;1;;;;1;;;;;;
Heerlen;G0917;10902;Limburg;P31;49934;40657;347;;40310;14154;14966;5463;1422;32;1616;796;77;324;275;233;41;141;367;290;;73;25;15;;;;;
Heesch;G0791;10149;Noord-Brabant;P30;5571;4979;38;;4941;1300;2643;572;136;;8;48;1;10;54;15;4;6;15;126;;2;;1;;;;;
Heeswijk-Dinther;G0792;10690;Noord-Brabant;P30;4735;4334;24;;4310;622;2946;412;166;;5;54;1;14;36;12;1;3;17;9;7;1;2;2;;;;;
Heeze;G0793;10462;Noord-Brabant;P30;5416;4829;17;;4812;906;2462;900;276;4;20;98;1;25;65;15;;3;28;4;;3;1;1;;;;;
Hei- en Boeicop;G0527;11024;Zuid-Holland;P28;616;592;6;;586;83;262;67;15;109;;6;1;3;31;2;7;;;;;;;;;;;;
Heiloo;G0399;10793;Noord-Holland;P27;13960;12927;70;;12857;2890;4031;4044;1022;12;116;268;36;127;58;120;15;33;68;2;;5;;6;4;;;;
Heinenoord;G0528;10821;Zuid-Holland;P28;2159;1996;12;;1984;755;491;348;103;139;5;20;29;7;27;16;29;13;;1;;;1;;;;;;
Heino;G0162;10854;Overijssel;P23;4153;3901;9;;3892;751;2152;491;175;11;8;50;82;19;47;14;71;5;14;1;;;;1;;;;;
Helden;G0918;10205;Limburg;P31;9966;8396;51;;8345;1415;5503;831;210;1;18;113;3;37;84;16;2;11;82;9;;9;1;;;;;;
Hellendoorn;G0163;10806;Overijssel;P23;21262;19892;61;;19831;4100;12018;1504;580;226;38;173;425;31;371;31;242;21;48;17;;5;1;;;;;;
Hellevoetsluis;G0530;11078;Zuid-Holland;P28;9797;8853;44;;8809;4530;1088;1809;740;103;112;115;35;56;53;85;18;41;6;11;2;2;2;1;;;;;
Helmond;G0794;10932;Noord-Brabant;P30;38911;32241;196;;32045;12510;11298;4502;1495;18;666;500;13;176;225;130;10;98;143;196;17;29;10;9;;;;;
Helvoirt;G0795;10389;Noord-Brabant;P30;2760;2505;19;;2486;441;1313;467;157;3;7;25;3;7;26;12;1;3;16;;2;3;;;;;;;
Hemelumer Oldeferd;G0075;10334;Fryslân;P21;3007;3007;15;;2992;506;1850;297;120;40;9;29;49;14;36;10;24;2;2;2;1;1;;;;;;;
Hendrik-Ido-Ambacht;G0531;10416;Zuid-Holland;P28;9938;8957;0;;8957;2467;2262;1995;490;1081;32;154;121;32;95;77;109;23;3;3;5;5;;3;;;;;
Hengelo;G0164;10907;Overijssel;P23;49777;45666;131;;45535;17038;16154;6171;2613;93;431;758;410;372;364;222;237;120;198;317;;20;10;7;;;;;
Hengelo;G0248;10359;Gelderland;P25;5450;4920;20;;4900;1205;2472;716;183;44;4;44;13;17;132;24;6;8;24;5;;2;;1;;;;;
Hennaarderadeel;G0076;10877;Fryslân;P21;2995;2804;12;;2792;585;1598;347;99;16;11;35;15;30;21;10;16;3;5;;1;;;;;;;;
Hensbroek;G0401;10181;Noord-Holland;P27;955;865;13;;852;184;402;186;30;;9;13;;7;8;2;;3;8;;;;;;;;;;
Herten;G0919;10138;Limburg;P31;2257;2010;13;;1997;434;999;344;94;;4;48;;13;24;7;3;5;21;;;1;;;;;;;
Herwen en Aerdt;G0249;10819;Gelderland;P25;5330;4438;23;;4415;1498;2031;502;138;7;11;53;1;8;59;14;3;18;43;26;;2;1;;;;;;
Herwijnen;G0250;11266;Gelderland;P25;1555;1475;5;;1470;564;538;182;32;73;3;12;14;9;7;12;18;;2;2;;1;1;;;;;;
Het Bildt;G0063;10128;Fryslân;P21;5747;5300;32;;5268;1893;2212;674;157;14;72;58;27;47;27;27;38;9;2;7;2;2;;;;;;;
Heteren;G0251;10290;Gelderland;P25;5313;4830;15;;4815;1129;2370;586;219;245;23;63;32;30;44;24;23;8;13;5;;1;;;;;;;
Heukelum;G0533;11308;Zuid-Holland;P28;1786;1634;19;;1615;700;411;296;77;63;5;11;12;3;14;10;8;3;;;2;;;;;;;;
Heumen;G0252;10600;Gelderland;P25;4925;4510;6;;4504;973;2259;746;267;5;19;103;4;43;28;10;2;2;24;19;;;;;;;;;
Heusden;G0797;10307;Noord-Brabant;P30;3427;2910;19;;2891;793;1265;445;147;54;11;40;9;13;41;25;14;8;16;6;2;;1;1;;;;;
Heythuysen;G0920;10840;Limburg;P31;3445;2925;21;;2904;442;1725;407;101;1;14;63;3;8;67;7;;1;56;2;;4;1;2;;;;;
Hillegom;G0534;11236;Zuid-Holland;P28;11942;10655;78;;10577;2560;4547;2200;579;76;36;207;26;106;35;48;32;29;78;5;4;3;;6;;;;;
Hilvarenbeek;G0798;11297;Noord-Brabant;P30;5475;5098;41;;5057;1127;2713;745;199;4;17;107;1;24;57;13;3;5;19;14;6;2;1;;;;;;
Hilversum;G0402;11285;Noord-Holland;P27;69040;60520;531;;59989;19612;14803;14650;4731;787;985;1136;385;698;280;522;475;267;286;297;;51;14;10;;;;;
Hindeloopen;G0077;10672;Fryslân;P21;565;532;4;;528;214;189;66;15;2;9;23;1;4;3;2;;;;;;;;;;;;;
Hoensbroek;G0921;11177;Limburg;P31;15455;12713;108;;12605;5537;3813;1682;373;9;365;274;23;87;100;55;10;28;158;58;;21;10;2;;;;;
Hoevelaken;G0253;11358;Gelderland;P25;4419;4073;10;;4063;833;1317;1015;313;338;10;49;65;17;38;21;31;10;3;2;;1;;;;;;;
Hoeven;G0799;10065;Noord-Brabant;P30;4807;4067;38;;4029;1142;1890;648;143;2;7;33;4;27;80;9;1;16;15;;5;4;2;1;;;;;
Holten;G0165;11246;Overijssel;P23;6012;5788;19;;5769;1554;2102;1377;307;41;10;59;23;12;200;33;24;19;2;3;;1;1;1;;;;;
Hontenisse;G0675;11123;Zeeland;P29;5421;4827;28;;4799;1319;2491;608;112;5;6;58;11;22;67;10;6;10;66;2;;4;2;;;;;;
Hoogblokland;G0535;11040;Zuid-Holland;P28;905;850;4;;846;240;268;208;27;53;2;8;5;;11;;18;4;;;;;1;1;;;;;
Hooge en Lage Mierde;G0801;10476;Noord-Brabant;P30;2088;1971;12;;1959;219;1457;138;56;1;5;26;4;9;16;3;2;;12;3;2;5;1;;;;;;
Hooge en Lage Zwaluwe;G0802;11318;Noord-Brabant;P30;3819;3503;23;;3480;1153;1463;554;135;37;11;34;5;13;38;10;2;8;9;1;4;3;;;;;;;
Hoogeloon, Hapert en Casteren;G0800;10657;Noord-Brabant;P30;4607;4349;16;;4333;663;2618;643;208;3;8;69;;28;44;11;3;9;18;3;1;1;3;;;;;;
Hoogeveen;G0118;10839;Drenthe;P22;27580;24733;142;;24591;7485;10451;2566;902;338;378;311;725;107;572;104;492;75;26;23;;15;12;9;;;;;
Hoogezand-Sappemeer;G0018;10410;Groningen;P20;23802;20633;95;;20538;10800;3235;3246;882;44;944;266;413;231;136;133;50;65;44;23;;7;7;12;;;;;
Hoogkarspel;G0403;10642;Noord-Holland;P27;3260;2916;15;;2901;620;1362;506;205;1;21;74;;22;28;12;3;3;42;2;;;;;;;;;
Hoogwoud;G0404;11029;Noord-Holland;P27;2845;2590;15;;2575;668;900;619;171;5;24;38;6;38;16;18;4;10;56;;;;1;;1;;;;
Hoorn;G0405;11392;Noord-Holland;P27;18673;16710;110;;16600;6498;3793;3350;1288;30;396;446;33;231;90;179;47;59;124;22;;2;3;7;2;;;;
Hoornaar;G0536;10516;Zuid-Holland;P28;910;856;3;;853;235;280;210;38;39;1;2;2;2;10;5;27;1;;;;1;;;;;;;
Horn;G0922;11176;Limburg;P31;2673;2233;15;;2218;401;1178;384;101;4;3;62;2;12;29;11;2;4;18;1;;6;;;;;;;
Horssen;G0254;10607;Gelderland;P25;881;833;3;;830;124;581;63;24;1;;8;;3;12;1;;2;4;6;;;1;;;;;;
Horst;G0923;11108;Limburg;P31;10761;9567;69;;9498;1638;6137;1043;235;7;33;116;5;75;63;20;1;24;46;47;;7;;1;;;;;
Houten;G0321;10230;Utrecht;P26;5012;4729;26;;4703;605;2570;873;207;211;12;71;14;34;32;12;20;5;30;1;2;2;;2;;;;;
Huijbergen;G0803;10466;Noord-Brabant;P30;1330;1206;12;;1194;229;605;256;45;1;10;5;;1;17;5;;;18;;;2;;;;;;;
Huissen;G0255;11047;Gelderland;P25;7968;7318;23;;7295;1736;3655;1188;377;6;29;104;6;47;62;15;5;12;42;9;;;;2;;;;;
Huizen;G0406;11170;Noord-Holland;P27;18184;16488;165;;16323;3511;5175;3915;1256;1064;151;241;135;131;84;123;444;54;21;8;;7;1;2;;;;;
Hulsberg;G0924;11216;Limburg;P31;3090;2746;24;;2722;694;1238;565;82;;2;35;;15;32;13;1;5;33;;;5;1;1;;;;;
Hulst;G0677;11408;Zeeland;P29;11525;9632;60;;9572;3205;3891;1552;326;8;36;169;12;50;154;26;12;34;69;5;;8;12;3;;;;;
Hummelo en Keppel;G0256;11235;Gelderland;P25;2902;2657;8;;2649;853;826;714;129;7;4;35;6;11;36;10;4;2;10;1;;1;;;;;;;
Hunsel;G0925;10784;Limburg;P31;3247;2843;9;;2834;473;1858;309;50;5;4;23;1;26;38;4;1;2;26;2;;10;2;;;;;;
Idaarderadeel;G0078;10815;Fryslân;P21;5977;5607;23;;5584;3214;805;927;344;5;63;112;7;37;17;36;7;5;3;2;;;;;;;;;
IJlst;G0102;11062;Fryslân;P21;1537;1425;6;;1419;402;719;138;83;5;2;13;16;6;5;14;8;5;1;1;1;;;;;;;;
IJsselham;G0195;10858;Overijssel;P23;3312;3108;3;;3105;935;1382;443;97;21;12;30;74;23;35;15;26;4;2;3;;1;1;1;;;;;
IJsselmuiden;G0191;10641;Overijssel;P23;6940;6533;17;;6516;777;2685;457;121;1762;10;32;125;9;58;17;438;7;16;1;;1;;;;;;;
IJsselstein;G0353;10152;Utrecht;P26;10626;9507;49;;9458;2658;3306;1851;618;443;77;206;20;88;37;36;33;22;39;12;6;2;;4;;;;;
Ilpendam;G0407;10809;Noord-Holland;P27;2266;2078;14;;2064;617;571;471;100;8;189;28;1;13;15;21;8;6;12;1;;1;2;;;;;;
Jabeek;G0927;10256;Limburg;P31;461;497;4;;493;161;260;30;12;;8;9;;6;;3;;;2;;;1;1;;;;;;
Jisp;G0408;10481;Noord-Holland;P27;669;608;1;;607;247;68;162;44;;37;15;3;7;11;7;2;2;1;;;;;;1;;;;
Kamerik;G0323;10554;Utrecht;P26;2179;2031;12;;2019;255;1074;264;85;233;2;22;15;10;21;5;24;2;3;3;;;1;;;;;;
Kampen;G0166;10253;Overijssel;P23;20042;18422;55;;18367;5446;6628;1608;576;1460;69;232;636;94;153;62;1319;29;43;5;;1;2;4;;;;;
Kantens;G0020;10372;Groningen;P20;1091;1209;9;;1200;509;259;205;23;4;8;20;133;14;6;7;4;3;1;4;;;;;;;;;
Kapelle;G0678;11223;Zeeland;P29;6079;5392;30;;5362;1444;1806;960;244;396;12;54;64;12;222;28;91;18;6;3;;2;;;;;;;
Katwijk;G0537;10707;Zuid-Holland;P28;24800;21792;195;;21597;4309;8211;3309;746;3887;60;216;166;57;105;144;235;70;33;19;9;10;4;7;;;;;
Katwoude;G0409;11136;Noord-Holland;P27;190;183;0;;183;23;62;67;14;2;;4;1;2;7;1;;;;;;;;;;;;;
Kedichem;G0538;10280;Zuid-Holland;P28;826;777;9;;768;275;133;256;19;49;1;9;2;2;10;3;7;1;;1;;;;;;;;;
Kerkrade;G0928;10313;Limburg;P31;32995;26355;490;;25865;11234;8585;3202;696;13;522;542;8;145;251;145;16;113;196;99;;58;29;11;;;;;
Kerkwijk;G0257;10791;Gelderland;P25;3758;3370;12;;3358;770;970;405;90;981;8;20;36;7;33;5;28;1;;3;;1;;;;;;;
Kessel;G0929;10890;Limburg;P31;2396;2096;25;;2071;376;1193;337;58;;3;25;1;12;27;8;;3;24;;;2;;2;;;;;
Kesteren;G0258;10916;Gelderland;P25;5245;4805;19;;4786;1432;836;675;142;1461;12;31;36;19;76;17;29;11;1;7;;;1;;;;;;
Klaaswaal;G0539;10284;Zuid-Holland;P28;2470;2195;2;;2193;781;521;486;100;132;15;54;22;9;25;12;25;3;1;5;1;;;1;;;;;
Klimmen;G0930;10977;Limburg;P31;2780;2504;15;;2489;538;1226;440;69;2;8;115;1;10;16;8;1;7;43;;;2;2;1;;;;;
Kloosterburen;G0021;10628;Groningen;P20;1262;1133;3;;1130;336;584;126;20;2;4;16;14;3;2;5;2;;13;;;3;;;;;;;
Klundert;G0804;10656;Noord-Brabant;P30;4133;3724;27;;3697;852;1941;472;124;146;10;32;32;9;23;4;43;4;1;1;2;1;;;;;;;
Kockengen;G0324;10765;Utrecht;P26;1795;1692;11;;1681;186;825;219;74;225;2;29;16;15;39;7;36;;7;1;;;;;;;;;
Kollumerland en Nieuwkruisland;G0079;10984;Fryslân;P21;7870;7164;46;;7118;1501;4328;535;139;180;51;43;99;16;64;25;121;7;2;2;3;;1;1;;;;;
Kortgene;G0682;10250;Zeeland;P29;2468;2306;9;;2297;946;577;432;93;145;11;18;22;9;17;18;2;5;;;;1;1;;;;;;
Koudekerk aan den Rijn;G0540;10029;Zuid-Holland;P28;2670;2451;20;;2431;545;1004;555;135;62;12;28;14;10;10;25;13;9;4;3;1;;;1;;;;;
Krimpen aan de Lek;G0541;10617;Zuid-Holland;P28;4064;3739;41;;3698;1648;594;743;260;279;35;29;21;26;11;19;12;12;1;2;2;;;4;;;;;
Krimpen aan den IJssel;G0542;10859;Zuid-Holland;P28;17255;15561;122;;15439;5475;2309;3720;1147;1814;148;193;205;82;27;109;95;81;10;5;10;4;2;3;;;;;
Landsmeer;G0415;11225;Noord-Holland;P27;5520;5116;28;;5088;1844;717;1312;482;13;354;150;11;61;17;62;14;38;6;2;;;1;1;3;;;;
Langbroek;G0325;11413;Utrecht;P26;1315;1231;2;;1229;239;449;225;62;205;3;6;7;7;13;5;3;1;3;;1;;;;;;;;
Langedijk;G0416;10955;Noord-Holland;P27;7846;7072;51;;7021;1819;2654;1455;469;13;182;101;43;49;31;53;103;15;24;3;;2;4;;1;;;;
Langerak;G0543;11127;Zuid-Holland;P28;1023;948;9;;939;231;241;138;38;149;1;4;58;2;8;3;65;1;;;;;;;;;;;
Laren;G0417;10649;Noord-Holland;P27;9676;8716;71;;8645;1823;2461;2997;705;39;48;195;20;89;47;93;11;18;74;14;;8;1;2;;;;;
Leek;G0022;10604;Groningen;P20;10465;9535;48;;9487;3542;2707;1594;474;48;76;126;561;66;152;53;59;14;7;4;;1;2;1;;;;;
Leende;G0805;11017;Noord-Brabant;P30;2522;2356;12;;2344;231;1470;441;83;;2;25;;10;11;18;1;1;43;2;1;;;5;;;;;
Leens;G0023;11050;Groningen;P20;2435;2225;16;;2209;740;710;294;44;13;26;30;297;21;6;5;12;3;5;1;;;1;1;;;;;
Leerbroek;G0544;10465;Zuid-Holland;P28;767;695;7;;688;68;218;77;22;248;2;4;13;2;18;1;9;6;;;;;;;;;;;
Leerdam;G0545;10685;Zuid-Holland;P28;9655;8627;88;;8539;3394;2204;1167;308;773;74;49;155;28;42;38;260;34;5;2;1;3;1;1;;;;;
Leersum;G0326;11142;Utrecht;P26;4235;4024;12;;4012;971;963;1317;209;293;8;39;37;29;62;29;35;8;8;;;3;;1;;;;;
Leeuwarden;G0080;11228;Fryslân;P21;61365;54968;284;;54684;26145;14710;6911;2857;202;567;834;642;627;113;346;332;108;71;157;26;8;12;16;;;;;
Leeuwarderadeel;G0081;10851;Fryslân;P21;5088;4786;28;;4758;2060;1550;644;277;15;20;47;29;36;16;28;24;4;1;5;;;1;1;;;;;
Leiden;G0546;10702;Zuid-Holland;P28;75765;66294;548;;65746;27153;13837;12103;5155;524;1588;1712;283;1256;195;679;269;208;169;461;60;58;18;18;;;;;
Leiderdorp;G0547;10058;Zuid-Holland;P28;11902;11028;59;;10969;2481;3173;3412;1044;129;57;218;63;97;25;108;59;29;18;48;3;2;2;1;;;;;
Leidschendam;G0548;10742;Zuid-Holland;P28;20460;18655;123;;18532;4053;6338;5170;1570;69;68;322;90;139;105;180;45;77;122;148;10;8;7;11;;;;;
Leimuiden;G0549;11351;Zuid-Holland;P28;2721;2439;20;;2419;388;1240;545;118;18;11;31;6;13;24;13;2;5;1;4;;;;;;;;;
Lekkerkerk;G0550;10050;Zuid-Holland;P28;5139;4764;48;;4716;1895;651;1286;279;412;33;38;19;19;24;40;10;3;2;2;;1;;2;;;;;
Lemsterland;G0082;10142;Fryslân;P21;6457;5801;36;;5765;2132;2114;626;262;88;288;50;32;28;41;27;53;7;8;2;2;3;2;;;;;;
Leusden;G0327;10978;Utrecht;P26;12198;11329;43;;11286;1783;4068;3180;950;287;38;244;317;78;68;81;74;25;66;9;15;1;2;;;;;;
Lexmond;G0551;10930;Zuid-Holland;P28;1568;1497;9;;1488;358;558;238;38;216;11;8;11;7;17;2;19;3;2;;;;;;;;;;
Lichtenvoorde;G0260;10242;Gelderland;P25;10179;9434;24;;9410;1416;6360;967;231;5;15;146;8;80;86;14;6;11;51;13;;1;;;;;;;
Liempde;G0806;10390;Noord-Brabant;P30;2464;2264;15;;2249;444;1413;188;103;1;4;18;2;6;37;2;;2;21;3;3;1;1;;;;;;
Lienden;G0261;11093;Gelderland;P25;4178;3869;14;;3855;1766;617;797;110;323;9;27;10;20;135;17;14;2;4;3;;;;1;;;;;
Lieshout;G0807;10637;Noord-Brabant;P30;3515;3169;8;;3161;687;1782;379;124;;17;44;1;28;58;10;;3;15;8;2;2;;1;;;;;
Limbricht;G0931;11124;Limburg;P31;3279;2928;27;;2901;721;1532;394;104;;14;41;1;29;23;11;3;4;20;3;;1;;;;;;;
Limmen;G0418;11370;Noord-Holland;P27;3077;2856;11;;2845;622;1244;563;164;1;40;70;3;16;83;11;8;8;9;;;2;1;;;;;;
Linne;G0932;10990;Limburg;P31;2581;2258;18;;2240;580;1041;394;62;;20;51;1;10;23;7;1;3;41;;;4;;2;;;;;
Linschoten;G0328;11324;Utrecht;P26;3643;3336;14;;3322;480;1446;703;186;293;11;54;26;14;30;21;35;11;11;1;;;;;;;;;
Lisse;G0553;10197;Zuid-Holland;P28;12170;11082;82;;11000;2011;4625;2417;611;620;51;226;60;65;58;47;97;30;64;6;5;2;;5;;;;;
Lith;G0808;11219;Noord-Brabant;P30;3471;3011;14;;2997;639;1761;351;73;;5;25;;9;36;5;3;1;15;71;2;1;;;;;;;
Lochem;G0262;11263;Gelderland;P25;12360;11343;50;;11293;3863;2715;3109;755;23;92;199;51;110;209;85;22;18;31;7;;1;1;1;;1;;;
Loenen;G0329;11202;Utrecht;P26;4704;4354;35;;4319;866;1419;1196;329;137;46;76;46;51;39;35;40;16;9;4;4;5;1;;;;;;
Loon op Zand;G0809;11259;Noord-Brabant;P30;12227;10914;101;;10813;2639;5418;1693;397;109;39;176;8;49;146;29;10;22;47;16;10;2;3;;;;;;
Loosdrecht;G0330;10639;Utrecht;P26;5755;5178;31;;5147;895;1442;1893;438;103;41;63;42;58;36;36;53;20;8;3;5;10;;1;;;;;
Lopik;G0331;10333;Utrecht;P26;4543;4185;28;;4157;961;1886;561;156;384;11;35;34;15;45;11;33;4;11;3;1;;3;3;;;;;
Loppersum;G0024;10934;Groningen;P20;2563;2369;6;;2363;761;985;310;75;6;26;23;116;19;9;10;16;3;2;1;;1;;;;;;;
Losser;G0168;11166;Overijssel;P23;13876;12477;50;;12427;3498;6483;1193;371;13;210;280;5;37;145;37;18;21;81;30;;;4;1;;;;;
Luyksgestel;G0810;10011;Noord-Brabant;P30;1630;1542;10;;1532;224;1025;152;63;5;1;11;3;7;24;7;;2;7;1;;;;;;;;;
Maarheeze;G0811;11143;Noord-Brabant;P30;5133;4606;15;;4591;677;2657;846;214;1;7;44;3;24;53;21;4;7;24;4;1;4;;;;;;;
Maarn;G0332;10392;Utrecht;P26;4292;3934;13;;3921;741;1065;1261;375;199;12;69;32;32;47;54;14;5;6;4;1;;2;2;;;;;
Maarssen;G0333;10191;Utrecht;P26;15127;13598;68;;13530;4013;4067;3258;1059;224;99;232;87;113;66;75;118;33;28;46;5;4;2;1;;;;;
Maartensdijk;G0334;10691;Utrecht;P26;5858;5358;37;;5321;1063;1512;1296;410;648;24;77;60;40;55;42;68;11;6;3;3;;2;1;;;;;
Maasbracht;G0933;10964;Limburg;P31;5181;4179;61;;4118;1063;1911;727;109;10;6;53;5;38;61;25;12;7;75;4;;9;;3;;;;;
Maasbree;G0934;11352;Limburg;P31;6297;5461;47;;5414;811;3376;784;145;1;16;110;;34;56;19;1;18;41;;;1;1;;;;;;
Maasdam;G0554;11019;Zuid-Holland;P28;2083;1939;14;;1925;623;395;506;127;196;8;14;12;10;12;3;11;3;2;2;;1;;;;;;;
Maasdriel;G0263;10341;Gelderland;P25;5110;4539;23;;4516;920;2604;635;131;27;10;38;2;7;57;9;2;3;37;31;;1;2;;;;;;
Maasland;G0555;10393;Zuid-Holland;P28;3478;3268;10;;3258;340;1800;739;139;55;6;36;27;9;8;10;69;6;10;2;1;;;1;;;;;
Maassluis;G0556;10880;Zuid-Holland;P28;19883;17629;81;;17548;6512;4606;3492;1336;271;113;306;202;104;57;136;233;88;24;46;9;2;5;4;;2;;;
Maastricht;G0935;10182;Limburg;P31;78421;61311;647;;60664;24161;20034;9991;2144;14;718;1248;28;535;403;241;31;166;682;102;;125;15;26;;;;;
Made en Drimmelen;G0812;10258;Noord-Brabant;P30;7585;6724;60;;6664;2373;2832;850;257;14;21;63;9;14;107;23;4;13;69;2;10;2;1;;;;;;
Margraten;G0936;11243;Limburg;P31;2241;2019;17;;2002;427;1068;319;71;2;6;38;1;14;19;6;1;4;23;;;2;;1;;;;;
Mariekerke;G0686;11221;Zeeland;P29;2064;1945;4;;1941;146;732;178;53;687;3;29;46;2;24;7;32;1;1;;;;;;;;;;
Markelo;G0169;11382;Overijssel;P23;4961;4554;26;;4528;1489;979;1440;252;43;14;42;6;16;178;35;21;3;6;4;;;;;;;;;
Marken;G0419;10901;Noord-Holland;P27;1384;1311;6;;1305;329;769;100;53;1;3;15;3;3;10;10;5;1;2;;;;;;1;;;;
Marum;G0025;11431;Groningen;P20;5531;5031;22;;5009;1909;1488;826;173;29;63;62;117;43;222;22;33;14;1;2;;;4;1;;;;;
Maurik;G0264;10300;Gelderland;P25;3984;3710;16;;3694;1723;813;762;126;94;11;39;16;11;55;13;15;3;3;10;;;;;;;;;
Medemblik;G0420;11215;Noord-Holland;P27;4252;3808;26;;3782;1253;1354;570;180;22;172;55;18;26;24;24;32;16;28;1;;4;1;1;1;;;;
Meeden;G0026;10304;Groningen;P20;1180;1109;10;;1099;619;267;98;20;8;30;11;23;8;9;2;4;;;;;;;;;;;;
Meerkerk;G0557;10618;Zuid-Holland;P28;1917;1758;6;;1752;485;547;375;64;188;7;19;6;6;27;3;22;1;1;;;;1;;;;;;
Meerlo-Wanssum;G0993;11416;Limburg;P31;4224;3753;19;;3734;616;2363;472;110;1;7;64;;30;24;4;1;6;27;4;;2;1;2;;;;;
Meerssen;G0938;10494;Limburg;P31;6026;5113;58;;5055;1419;2406;761;143;3;49;80;9;32;46;19;1;8;54;5;;18;1;1;;;;;
Megen, Haren en Macharen;G0813;10988;Noord-Brabant;P30;1837;1666;11;;1655;319;1025;137;66;;5;22;;10;14;6;;3;12;36;;;;;;;;;
Meijel;G0941;10925;Limburg;P31;3224;2660;22;;2638;449;1712;278;55;;4;30;;16;53;5;1;3;28;1;;2;;1;;;;;
Melick en Herkenbosch;G0939;10196;Limburg;P31;4211;3844;33;;3811;931;1568;896;124;1;9;56;3;19;46;16;;4;37;6;;93;1;1;;;;;
Menaldumadeel;G0083;11144;Fryslân;P21;8287;7801;47;;7754;3009;2822;1096;401;20;32;77;47;61;49;67;40;16;9;3;1;;2;2;;;;;
Meppel;G0119;11204;Drenthe;P22;15115;13851;71;;13780;5817;3803;2456;640;60;88;193;290;60;127;80;81;37;11;27;;1;6;3;;;;;
Merkelbeek;G0940;10763;Limburg;P31;1236;1076;19;;1057;277;546;144;25;;12;15;;6;12;4;;3;10;;;2;;1;;;;;
Mheer;G0942;10538;Limburg;P31;1167;1036;6;;1030;207;550;181;39;;2;15;;3;15;5;2;1;8;;;2;;;;;;;
Middelburg;G0687;10122;Zeeland;P29;25207;22189;74;;22115;7227;6181;3702;1417;1568;130;615;376;169;124;142;337;75;19;18;;5;6;4;;;;;
Middelharnis;G0559;11067;Zuid-Holland;P28;10194;9168;99;;9069;3170;1739;1283;287;2164;15;83;63;43;70;35;78;35;2;2;;;;;;;;;
Middelstum;G0027;11199;Groningen;P20;1975;1859;9;;1850;521;876;163;40;3;23;31;103;12;8;5;64;1;;;;;;;;;;;
Middenschouwen;G0688;10837;Zeeland;P29;1611;1484;7;;1477;406;474;271;61;124;4;11;39;4;20;10;49;3;;;;;;1;;;;;
Midwolda;G0028;10356;Groningen;P20;2867;2637;18;;2619;1038;1037;203;31;9;126;25;19;21;9;10;83;3;1;;;1;2;1;;;;;
Midwoud;G0422;10924;Noord-Holland;P27;1390;1263;9;;1254;538;125;380;124;2;23;22;2;15;4;12;2;;1;1;;;3;;;;;;
Mierlo;G0814;10215;Noord-Brabant;P30;5362;4881;14;;4867;1074;2379;939;234;3;21;81;1;18;45;26;3;4;26;9;1;1;1;1;;;;;
Mijdrecht;G0336;11379;Utrecht;P26;7545;6784;76;;6708;1121;2978;1634;361;122;20;124;61;37;69;34;102;7;28;;5;4;1;;;;;;
Mijnsheerenland;G0564;11112;Zuid-Holland;P28;2368;2183;8;;2175;548;619;676;141;100;6;19;20;8;11;9;11;6;;1;;;;;;;;;
Mill en Sint Hubert;G0815;10535;Noord-Brabant;P30;6539;5926;38;;5888;1179;3716;581;145;1;15;46;1;37;70;12;;5;44;29;2;2;;3;;;;;
Millingen aan de Rijn;G0265;10072;Gelderland;P25;3394;3003;11;;2992;1300;1252;199;114;;7;46;;17;19;10;1;5;9;11;;;;2;;;;;
Moergestel;G0816;11191;Noord-Brabant;P30;3440;3169;19;;3150;581;1853;468;112;1;10;31;;19;37;14;;3;12;2;2;3;2;;;;;;
Moerkapelle;G0560;11383;Zuid-Holland;P28;1704;1554;17;;1537;323;365;286;93;399;3;10;10;2;7;7;27;3;;2;;;;;;;;;
Molenaarsgraaf;G0561;10166;Zuid-Holland;P28;601;550;2;;548;111;181;87;27;121;1;3;6;1;2;1;6;;;;;1;;;;;;;
Monnickendam;G0423;10983;Noord-Holland;P27;5657;5211;23;;5188;1681;1361;1219;430;9;152;143;15;37;28;52;6;28;14;2;;1;4;2;4;;;;
Monster;G0562;10019;Zuid-Holland;P28;12052;10700;93;;10607;1936;4765;2195;429;619;24;81;151;25;92;64;72;62;69;11;7;4;;;;1;;;
Montfoort;G0335;10033;Utrecht;P26;2566;2284;12;;2272;458;1001;442;122;115;7;49;4;7;10;10;5;;41;1;;;;;;;;;
Montfort;G0943;10266;Limburg;P31;2005;1711;23;;1688;489;751;256;35;;8;16;1;7;70;8;;6;33;;;7;1;;;;;;
Mook en Middelaar;G0944;10271;Limburg;P31;3675;3393;28;;3365;704;1479;733;229;;11;66;5;43;36;11;3;3;19;21;;2;;;;;;;
Moordrecht;G0563;10120;Zuid-Holland;P28;3854;3379;36;;3343;1167;849;606;255;248;16;57;39;14;33;25;14;11;3;3;1;2;;;;;;;
Muiden;G0424;10958;Noord-Holland;P27;4144;4144;31;;4113;1184;1184;1047;427;35;32;57;18;23;23;38;14;19;8;;;1;3;;;;;;
Munstergeleen;G0945;10273;Limburg;P31;3305;2923;23;;2900;789;1375;492;99;;25;52;;15;22;7;3;7;8;;;6;;;;;;;
Muntendam;G0029;10550;Groningen;P20;3000;2625;16;;2609;1701;257;242;74;7;219;14;19;16;12;10;27;3;3;3;;;2;;;;;;
Naaldwijk;G0565;11418;Zuid-Holland;P28;16139;14691;95;;14596;2474;7306;3296;578;197;20;178;92;49;83;89;53;43;125;7;2;;3;1;;;;;
Naarden;G0425;10187;Noord-Holland;P27;12059;10931;66;;10865;2386;2360;4268;948;144;94;171;52;86;66;129;67;50;36;4;;3;1;;;;;;
Nederhorst den Berg;G0426;10715;Noord-Holland;P27;3183;2907;27;;2880;714;1045;676;236;13;46;47;24;16;13;16;9;10;15;;;;;;;;;;
Nederweert;G0946;10681;Limburg;P31;8902;7877;76;;7801;1542;4711;917;148;2;20;92;;37;125;23;1;5;79;7;;90;2;;;;;;
Neede;G0266;10367;Gelderland;P25;7461;6896;34;;6862;2896;2209;1073;294;4;16;71;66;28;65;44;38;11;25;18;;;1;3;;;;;
Neer;G0947;10682;Limburg;P31;2302;1911;15;;1896;337;1111;249;62;;4;32;;17;28;8;;2;40;2;;3;;1;;;;;
Nibbixwoud;G0427;10091;Noord-Holland;P27;1771;1622;18;;1604;375;750;333;55;2;16;25;2;10;6;5;;2;21;1;;;;;1;;;;
Niedorp;G0412;10923;Noord-Holland;P27;4912;4441;21;;4420;1645;1259;907;307;3;76;61;5;50;41;32;8;3;19;;;3;;1;;;;;
Nieuw-Beijerland;G0566;10092;Zuid-Holland;P28;1951;1783;16;;1767;509;291;393;106;359;7;26;8;5;8;22;21;7;2;;2;1;;;;;;;
Nieuwe Pekela;G0030;10950;Groningen;P20;3716;3266;33;;3233;1306;954;423;62;24;273;38;18;19;25;5;67;4;10;1;;;3;1;;;;;
Nieuwegein;G0356;10374;Utrecht;P26;16396;14822;73;;14749;4732;4767;3062;1044;243;98;276;86;113;67;83;56;30;38;33;8;4;3;6;;;;;
Nieuwenhagen;G0948;10088;Limburg;P31;6613;5540;86;;5454;2130;1806;821;174;6;165;124;2;40;40;41;2;14;47;31;;;9;2;;;;;
Nieuwerkerk aan den IJssel;G0567;10855;Zuid-Holland;P28;6848;6283;58;;6225;1930;1537;1462;347;562;21;58;40;33;51;48;89;32;5;1;1;6;2;;;;;;
Nieuweschans;G0031;10008;Groningen;P20;1327;1260;12;;1248;623;87;109;22;2;376;9;;3;4;8;1;;;;;1;3;;;;;;
Nieuw-Ginneken;G0817;10406;Noord-Brabant;P30;6656;6223;37;;6186;1209;2997;1419;302;7;11;76;2;18;76;25;;8;26;2;4;2;;2;;;;;
Nieuwkoop;G0569;10728;Zuid-Holland;P28;5688;5226;36;;5190;1042;2047;1351;290;137;17;124;10;27;28;36;49;13;11;4;1;2;;1;;;;;
Nieuwland;G0570;11213;Zuid-Holland;P28;497;445;6;;439;92;148;59;5;99;1;;6;;9;2;16;2;;;;;;;;;;;
Nieuw-Lekkerland;G0571;10547;Zuid-Holland;P28;4788;4315;26;;4289;1489;823;431;214;1041;26;47;115;13;13;24;36;8;;3;4;2;;;;;;;
Nieuwleusen;G0170;10384;Overijssel;P23;4745;4303;12;;4291;906;1941;588;127;152;3;34;165;9;301;15;37;5;;4;;1;1;2;;;;;
Nieuwolda;G0032;10126;Groningen;P20;1162;1059;9;;1050;516;263;163;15;4;25;20;11;10;5;9;2;1;;1;;;4;1;;;;;
Nieuwpoort;G0572;10748;Zuid-Holland;P28;745;700;8;;692;193;176;107;24;129;1;1;18;;16;3;23;;;;;;;;;1;;;
Nieuwstadt;G0949;11140;Limburg;P31;2123;1882;26;;1856;564;830;276;76;;14;35;;9;17;16;;5;12;;;;1;1;;;;;
Nieuwveen;G0573;10487;Zuid-Holland;P28;1846;1490;7;;1483;220;773;330;43;39;3;35;6;5;3;8;6;1;9;1;;;;1;;;;;
Nieuw-Vossemeer;G0818;10401;Noord-Brabant;P30;1461;1354;5;;1349;604;537;141;23;2;2;16;;3;14;3;1;1;2;;;;;;;;;;
Nigtevecht;G0337;10160;Utrecht;P26;785;714;4;;710;185;261;174;53;3;5;10;1;3;7;2;5;1;;;;;;;;;;;
Nijeveen;G0121;10774;Drenthe;P22;1730;1661;9;;1652;441;707;327;78;7;4;12;28;2;26;9;7;2;;2;;;;;;;;;
Nijkerk;G0267;10446;Gelderland;P25;14423;13198;52;;13146;3046;5379;1968;520;1116;27;129;227;31;253;70;336;11;21;4;;2;2;2;;2;;;
Nijmegen;G0268;11209;Gelderland;P25;106569;91923;394;;91529;33813;29515;11356;5602;76;1023;3189;143;2968;441;339;81;240;462;2163;;58;41;19;;;;;
Nistelrode;G0819;10094;Noord-Brabant;P30;3913;3504;19;;3485;786;2143;284;92;2;4;34;1;22;47;7;3;5;15;38;1;;;1;;;;;
Noorbeek;G0950;10283;Limburg;P31;716;718;4;;714;151;406;83;24;;5;16;;7;4;5;;;13;;;;;;;;;;
Noordeloos;G0574;10296;Zuid-Holland;P28;924;876;8;;868;132;315;175;21;175;1;7;12;;7;5;18;;;;;;;;;;;;
Noordoostpolder;G0171;10144;Overijssel;P23;23109;21344;40;;21304;5147;9382;3442;1026;383;192;295;443;131;159;154;450;48;30;13;;6;1;2;;;;;
Noordwijk;G0575;10769;Zuid-Holland;P28;15753;13198;132;;13066;3068;4972;3037;698;156;90;474;74;102;91;107;30;32;96;10;14;10;1;4;;;;;
Noordwijkerhout;G0576;11134;Zuid-Holland;P28;9068;8092;56;;8036;1357;3705;1886;451;16;42;120;18;133;97;52;7;19;115;12;5;;;1;;;;;
Nootdorp;G0577;10601;Zuid-Holland;P28;3968;3518;34;;3484;559;1640;845;229;24;14;39;15;19;28;25;8;18;14;1;3;1;;2;;;;;
Norg;G0120;10608;Drenthe;P22;4150;3836;12;;3824;1417;684;1162;211;20;16;56;38;27;121;31;9;17;1;9;;2;;3;;;;;
Nuenen, Gerwen en Nederwetten;G0820;10761;Noord-Brabant;P30;10049;9133;22;;9111;1870;4080;1972;742;2;21;168;22;67;58;47;11;13;24;7;5;1;;1;;;;;
Nuland;G0821;10118;Noord-Brabant;P30;2414;2128;14;;2114;347;1395;190;57;;1;18;1;4;18;1;;2;6;70;3;;1;;;;;;
Numansdorp;G0578;11346;Zuid-Holland;P28;5095;4718;29;;4689;2091;961;887;254;319;13;33;22;11;38;18;10;21;2;3;2;1;;2;;1;;;
Nunspeet;G0302;10512;Gelderland;P25;13959;13588;52;;13536;1867;4519;2333;483;2736;40;113;166;27;336;100;774;19;8;6;;5;2;1;;1;;;
Nuth;G0951;10104;Limburg;P31;5317;4784;39;;4745;1658;2006;578;130;1;38;134;1;35;44;12;2;7;60;16;;17;1;5;;;;;
Obbicht en Papenhoven;G0952;10388;Limburg;P31;1613;1402;14;;1388;438;700;126;37;;13;22;2;8;13;8;1;7;5;1;;7;;;;;;;
Obdam;G0429;11338;Noord-Holland;P27;2477;2305;16;;2289;363;1305;325;124;2;12;59;;16;16;19;2;1;45;;;;;;;;;;
Odoorn;G0122;11320;Drenthe;P22;8649;7850;48;;7802;3880;1509;1567;251;17;123;66;110;36;69;49;74;19;8;9;;5;2;8;;;;;
Oeffelt;G0822;10360;Noord-Brabant;P30;1342;1207;8;;1199;233;766;98;40;;8;18;;9;15;3;1;2;5;1;;;;;;;;;
Oegstgeest;G0579;10287;Zuid-Holland;P28;10855;9858;114;;9744;1589;2840;3469;943;62;44;272;92;97;34;139;57;25;53;14;6;3;3;2;;;;;
Ohé en Laak;G0953;10420;Limburg;P31;542;496;3;;493;76;316;60;6;;2;;2;3;3;4;;;16;;;5;;;;;;;
Oirsbeek;G0954;10504;Limburg;P31;3135;2880;19;;2861;742;1388;446;108;1;19;43;;20;30;18;;1;23;7;;14;1;;;;;;
Oirschot;G0823;10225;Noord-Brabant;P30;6675;6162;20;;6142;1185;3750;702;210;2;11;83;9;19;73;21;4;7;51;8;1;1;4;1;;;;;
Oisterwijk;G0824;10103;Noord-Brabant;P30;10480;9656;60;;9596;2825;3718;2074;465;9;53;129;7;50;100;35;12;20;55;11;26;1;4;2;;;;;
Oldebroek;G0269;11106;Gelderland;P25;12094;10939;68;;10871;2440;3387;996;236;2018;16;66;161;26;158;37;1307;7;4;2;;3;3;1;;3;;;
Oldehove;G0035;10298;Groningen;P20;1570;1479;7;;1472;365;551;266;42;2;8;23;185;8;3;3;12;;;1;;;3;;;;;;
Oldekerk;G0036;11332;Groningen;P20;1424;1332;4;;1328;278;644;256;33;5;2;10;71;5;11;1;7;5;;;;;;;;;;;
Oldenzaal;G0173;11100;Overijssel;P23;17673;16222;53;;16169;4255;8348;2065;708;12;61;214;56;91;134;34;12;18;121;35;;3;1;1;;;;;
Olst;G0174;10409;Overijssel;P23;5984;5583;26;;5557;2068;1922;1067;249;30;25;64;10;18;48;27;4;3;17;1;;2;1;1;;;;;
Ommen;G0175;11069;Overijssel;P23;10769;10386;35;;10351;1681;5745;1293;291;84;13;69;798;24;180;46;95;11;14;2;;2;;3;;;;;
Oost-, West- en Middelbeers;G0825;10220;Noord-Brabant;P30;2667;2453;14;;2439;297;1678;303;75;1;3;29;;11;24;11;;3;3;1;;;;;;;;;
Oostburg;G0692;10782;Zeeland;P29;13103;11806;80;;11726;4271;3221;3019;376;169;45;207;69;62;96;63;39;30;47;4;;6;1;1;;;;;
Oostdongeradeel;G0084;11102;Fryslân;P21;4159;3934;17;;3917;435;2960;288;52;26;3;22;57;11;17;8;31;4;1;;;1;;1;;;;;
Oosterbroek;G0033;11282;Groningen;P20;3503;3022;16;;3006;1710;360;490;93;4;138;25;68;36;36;22;7;9;3;;;;5;;;;;;
Oosterhesselen;G0123;10490;Drenthe;P22;3180;2889;19;;2870;1094;818;593;105;7;48;18;96;10;31;17;27;;;2;;1;;3;;;;;
Oosterhout;G0826;11280;Noord-Brabant;P30;27221;23820;164;;23656;8468;8544;4048;1350;24;105;380;22;102;249;98;17;55;124;25;20;10;10;5;;;;;
Oostflakkee;G0580;10714;Zuid-Holland;P28;6346;5778;29;;5749;2229;1592;657;168;811;20;40;55;18;46;13;61;17;16;1;;4;;;;1;;;
Ooststellingwerf;G0085;10836;Fryslân;P21;15295;13827;107;;13720;6108;3754;1953;480;74;333;131;229;236;179;102;57;42;9;12;13;1;5;2;;;;;
Oostvoorne;G0581;10009;Zuid-Holland;P28;4472;4552;37;;4515;1578;727;1676;273;38;41;50;2;28;28;44;7;13;;3;5;1;1;;;;;;
Oostzaan;G0431;11303;Noord-Holland;P27;4561;4111;29;;4082;1650;511;884;321;35;375;65;10;67;22;55;41;35;4;4;;;1;;2;;;;
Ootmarsum;G0176;11079;Overijssel;P23;2580;2590;5;;2585;364;1710;317;91;4;3;25;1;8;14;6;1;3;32;6;;;;;;;;;
Ophemert;G0270;10829;Gelderland;P25;1061;963;5;;958;356;228;206;30;35;3;12;3;6;69;6;2;;;1;;1;;;;;;;
Oploo, Sint Anthonis en Ledeacker;G0827;11415;Noord-Brabant;P30;4315;4055;16;;4039;451;3029;304;99;2;9;56;;39;19;14;;3;11;;;1;1;1;;;;;
Opmeer;G0432;10609;Noord-Holland;P27;3085;2797;15;;2782;635;1323;503;144;1;17;42;4;10;24;16;;3;58;;;1;;1;;;;;
Opperdoes;G0433;10523;Noord-Holland;P27;1055;985;4;;981;161;482;111;38;94;5;20;10;5;9;5;34;5;;;;2;;;;;;;
Opsterland;G0086;10005;Fryslân;P21;16824;15025;114;;14911;6547;3680;2060;658;71;519;200;614;140;149;83;122;24;7;4;20;6;3;4;;;;;
Oss;G0828;10834;Noord-Brabant;P30;29496;25401;121;;25280;8243;8869;3838;1444;11;66;417;24;156;193;101;9;38;129;1711;13;10;4;4;;;;;
Ossendrecht;G0829;10929;Noord-Brabant;P30;3408;2864;23;;2841;968;1198;455;101;3;12;21;2;17;29;10;;6;16;2;1;;;;;;;;
Ottoland;G0582;10097;Zuid-Holland;P28;513;490;0;;490;49;260;42;11;85;2;9;5;1;9;3;12;1;;1;;;;;;;;;
Oud- en Nieuw-Gastel;G0831;11363;Noord-Brabant;P30;5497;4706;45;;4661;1565;2109;587;141;;32;36;;24;89;29;;6;35;;5;1;2;;;;;;
Oud-Alblas;G0583;10826;Zuid-Holland;P28;1233;1136;11;;1125;226;373;147;42;252;6;11;16;4;10;8;25;2;1;;2;;;;;;;;
Oud-Beijerland;G0584;11301;Zuid-Holland;P28;9694;8814;51;;8763;2759;2058;1852;543;1071;32;91;99;33;28;37;120;27;1;2;2;2;2;;;4;;;
Oude Pekela;G0038;10848;Groningen;P20;5842;5151;33;;5118;2799;748;387;94;10;891;56;16;26;19;14;39;4;5;1;;5;4;;;;;;
Oudenbosch;G0830;10397;Noord-Brabant;P30;7411;6318;57;;6261;2007;2668;1014;237;7;23;81;;51;62;33;1;11;50;1;12;2;;1;;;;;
Oudendijk;G0435;11090;Noord-Holland;P27;343;313;1;;312;111;34;113;17;1;8;11;;5;4;4;1;;2;1;;;;;;;;;
Oudenhoorn;G0586;10380;Zuid-Holland;P28;931;826;9;;817;355;119;246;43;11;8;6;6;;15;3;2;3;;;;;;;;;;;
Ouder-Amstel;G0437;10998;Noord-Holland;P27;7795;7069;47;;7022;1704;2165;1924;558;80;131;121;13;82;45;91;37;27;26;8;;7;2;1;;;;;
Ouderkerk aan den IJssel;G0587;10095;Zuid-Holland;P28;3781;3477;23;;3454;846;604;808;173;860;9;27;26;13;27;12;34;5;3;5;;;;2;;;;;
Oudewater;G0589;10188;Utrecht;P26;4689;4253;43;;4210;793;1997;805;204;181;13;62;32;13;29;15;20;11;31;;2;2;;;;;;;
Overasselt;G0271;10952;Gelderland;P25;2135;2014;6;;2008;254;1371;189;85;2;3;38;2;20;26;5;;1;6;6;;;;;;;;;
Pannerden;G0272;10518;Gelderland;P25;1411;1230;6;;1224;353;721;69;24;;3;12;1;1;30;1;;3;2;3;;;1;;;;;;
Papendrecht;G0590;10427;Zuid-Holland;P28;15945;14219;48;;14171;5421;3226;2837;1014;828;81;168;115;95;43;95;155;49;10;15;7;7;4;1;;;;;
Peize;G0124;10501;Drenthe;P22;3280;2966;25;;2941;1414;263;750;213;6;49;50;11;26;99;32;8;10;1;6;;1;1;1;;;;;
Piershil;G0591;10179;Zuid-Holland;P28;924;862;4;;858;353;129;169;42;129;3;11;5;2;4;2;5;2;;;2;;;;;;;;
Pijnacker;G0594;10031;Zuid-Holland;P28;9968;9258;53;;9205;1720;3843;2171;620;321;38;144;101;43;35;53;41;43;24;2;5;;;1;;;;;
Polsbroek;G0338;10993;Utrecht;P26;745;693;4;;689;86;272;168;4;120;;6;2;2;16;1;6;2;4;;;;;;;;;;
Poortugal;G0592;11395;Zuid-Holland;P28;14046;12128;111;;12017;6824;1951;1417;692;240;201;215;79;82;42;73;47;101;16;11;9;2;10;;;5;;;
Posterholt;G0956;10456;Limburg;P31;2581;2190;31;;2159;731;921;301;26;3;27;28;;13;44;14;3;;20;1;;26;;1;;;;;
Prinsenbeek;G0832;11354;Noord-Brabant;P30;6218;5630;20;;5610;1277;2531;1327;271;;13;54;7;21;50;29;2;10;12;2;;3;;1;;;;;
Purmerend;G0439;11066;Noord-Holland;P27;21843;19409;88;;19321;7471;3242;4717;1576;33;953;509;33;258;84;212;55;99;39;10;;4;8;6;12;;;;
Putte;G0833;10099;Noord-Brabant;P30;2080;1697;28;;1669;556;560;373;75;1;2;15;;4;36;17;1;8;11;;4;3;1;2;;;;;
Putten;G0273;11109;Gelderland;P25;12021;11286;54;;11232;1843;4243;1913;362;1852;52;83;130;29;347;75;259;16;12;10;;3;2;;;1;;;
Puttershoek;G0593;10222;Zuid-Holland;P28;3720;3421;23;;3398;1429;790;652;180;236;15;12;25;6;9;21;7;11;;2;1;;;2;;;;;
Raalte;G0177;10279;Overijssel;P23;15025;14050;26;;14024;2294;9354;1162;524;16;29;183;45;46;182;50;27;14;66;29;;2;;1;;;;;
Raamsdonk;G0834;11391;Noord-Brabant;P30;7414;6368;59;;6309;2335;2563;884;215;74;25;60;12;26;58;12;6;6;24;5;2;1;1;;;;;;
Rauwerderhem;G0087;10330;Fryslân;P21;1802;1655;8;;1647;639;483;313;107;2;13;27;4;18;11;21;3;2;2;;1;;;1;;;;;
Ravenstein;G0835;10805;Noord-Brabant;P30;4842;4379;21;;4358;1138;2458;396;138;;14;34;;31;42;8;2;1;18;74;2;;1;1;;;;;
Reeuwijk;G0595;10485;Zuid-Holland;P28;5688;5174;35;;5139;1117;1596;1521;316;276;32;65;46;22;28;43;27;18;25;3;1;1;;2;;;;;
Reimerswaal;G0703;10077;Zeeland;P29;12740;11241;42;;11199;2927;2872;1628;421;2638;34;106;174;33;116;59;132;40;13;4;;;2;;;;;;
Renkum;G0274;11325;Gelderland;P25;25015;22754;96;;22658;6223;7541;5676;1310;324;157;458;157;176;133;192;115;49;73;57;;4;2;6;;5;;;
Renswoude;G0339;10269;Utrecht;P26;1969;1755;0;;1755;270;720;323;55;171;4;47;18;12;86;16;25;6;1;;;;;1;;;;;
Reusel;G0836;10162;Noord-Brabant;P30;4478;3791;16;;3775;626;2556;341;110;1;6;43;;14;37;14;;4;21;1;1;;;;;;;;
Rheden;G0275;11355;Gelderland;P25;34838;31749;127;;31622;12234;8851;6619;1842;168;165;492;248;249;187;215;123;79;90;44;;4;3;6;;3;;;
Rhenen;G0340;10309;Utrecht;P26;11417;10352;59;;10293;3343;2418;2058;474;1373;39;98;99;49;101;51;132;19;8;23;3;4;1;;;;;;
Rhoon;G0596;10903;Zuid-Holland;P28;4798;4425;20;;4405;1083;1460;1309;278;79;14;56;22;9;9;27;26;19;10;1;1;;1;;;1;;;
Ridderkerk;G0597;10646;Zuid-Holland;P28;29897;26855;130;;26725;11031;5840;4049;1377;2823;190;254;319;153;81;149;238;141;16;17;25;8;9;3;;2;;;
Riethoven;G0837;10455;Noord-Brabant;P30;1346;1249;4;;1245;120;765;261;49;1;3;13;;8;7;8;1;3;1;4;;1;;;;;;;
Rijnsaterwoude;G0601;11129;Zuid-Holland;P28;775;737;8;;729;138;274;177;38;46;8;10;4;1;15;2;9;1;4;;1;1;;;;;;;
Rijnsburg;G0602;11118;Zuid-Holland;P28;6888;6438;55;;6383;728;3669;1004;175;196;11;31;312;18;30;13;182;5;3;;1;2;;3;;;;;
Rijsbergen;G0841;10866;Noord-Brabant;P30;3421;2919;23;;2896;568;1624;485;82;;7;31;;7;64;11;1;3;9;;3;1;;;;;;;
Rijssen;G0178;10358;Overijssel;P23;12920;12075;58;;12017;2017;3073;731;243;4930;17;51;105;24;155;25;602;22;19;1;;;1;1;;;;;
Rijswijk;G0603;11133;Zuid-Holland;P28;39143;35200;166;;35034;9283;8918;10781;3136;269;237;591;207;306;122;529;168;227;143;58;24;8;23;4;;;;;
Rockanje;G0598;10464;Zuid-Holland;P28;3862;3503;41;;3462;1182;732;1040;239;29;47;30;16;15;55;30;18;14;;4;6;4;;;;1;;;
Roden;G0125;10699;Drenthe;P22;10988;10140;32;;10108;3999;2230;2241;754;24;114;167;178;59;182;59;53;18;6;14;;2;2;6;;;;;
Roermond;G0957;11313;Limburg;P31;24792;19478;234;;19244;5769;7464;3768;700;11;137;487;19;123;275;104;19;49;229;22;;54;7;7;;;;;
Roggel;G0958;10505;Limburg;P31;2671;2316;17;;2299;346;1433;282;51;;6;42;1;15;55;9;2;1;47;1;;7;;1;;;;;
Rolde;G0126;10470;Drenthe;P22;4177;3754;15;;3739;1483;416;1337;243;7;12;82;21;36;40;33;3;13;2;5;;1;1;4;;;;;
Roosendaal en Nispen;G0838;10407;Noord-Brabant;P30;36284;30587;277;;30310;9717;12086;5489;1399;18;123;323;24;151;419;160;19;117;138;42;58;15;8;4;;;;;
Roosteren;G0959;10954;Limburg;P31;1058;950;8;;942;281;498;95;23;;1;12;;5;10;;1;1;10;1;;4;;;;;;;
Rosmalen;G0839;10970;Noord-Brabant;P30;13602;11637;91;;11546;2843;4989;2360;702;11;29;171;17;77;103;65;4;13;67;74;12;1;5;3;;;;;
Rossum;G0276;10860;Gelderland;P25;1941;1757;4;;1753;603;700;293;54;18;11;24;2;7;23;7;;1;6;1;;3;;;;;;;
Rotterdam;G0599;10345;Zuid-Holland;P28;437641;369018;2087;;366931;203181;58986;48584;18280;6216;8485;4927;2366;3608;1268;2845;1491;3894;1024;671;514;136;276;144;;35;;;
Rozenburg;G0600;11314;Zuid-Holland;P28;8856;7700;40;;7660;3416;1769;1317;499;79;87;134;125;37;37;39;31;51;4;21;1;;9;2;;2;;;
Rozendaal;G0277;10684;Gelderland;P25;1053;1026;0;;1026;143;257;454;84;3;2;49;5;5;3;7;8;1;3;1;;;;;;1;;;
Rucphen;G0840;11152;Noord-Brabant;P30;13232;10370;122;;10248;4147;4134;1174;216;5;29;71;5;34;307;31;6;14;41;7;24;1;2;;;;;;
Ruinen;G0127;10629;Drenthe;P22;4576;4435;28;;4407;1669;890;1357;177;20;17;55;32;12;90;32;18;19;4;10;;3;1;1;;;;;
Ruinerwold;G0128;10944;Drenthe;P22;2279;2163;8;;2155;621;562;693;101;5;3;28;54;12;44;15;2;4;2;5;;1;1;2;;;;;
Ruurlo;G0278;10879;Gelderland;P25;5042;4554;26;;4528;1440;1435;1221;181;7;17;34;15;8;105;28;6;3;21;5;;1;;1;;;;;
Sas van Gent;G0704;11405;Zeeland;P29;5883;4970;29;;4941;1966;1633;854;175;32;26;74;15;18;56;23;3;15;30;17;;3;1;;;;;;
Sassenheim;G0604;10612;Zuid-Holland;P28;8202;7590;48;;7542;1237;3653;1770;404;68;33;113;30;35;43;40;31;18;48;10;3;4;;2;;;;;
Schaesberg;G0960;11335;Limburg;P31;11790;10049;97;;9952;3846;3489;1405;364;6;198;234;10;57;98;46;6;44;59;71;;11;4;4;;;;;
Schagen;G0441;10511;Noord-Holland;P27;9927;8874;49;;8825;2978;1733;2698;781;12;149;146;27;99;29;109;24;8;22;3;;2;;1;4;;;;
Schaijk;G0843;10276;Noord-Brabant;P30;4458;4000;29;;3971;722;2473;450;156;1;8;29;1;27;33;4;3;1;15;47;;;1;;;;;;
Scheemda;G0039;10711;Groningen;P20;5535;5041;27;;5014;2421;1271;550;119;17;388;47;63;35;17;32;30;11;1;9;;1;2;;;;;;
Schelluinen;G0605;11399;Zuid-Holland;P28;727;663;5;;658;243;105;162;38;62;5;7;3;1;3;7;20;;1;1;;;;;;;;;
Schermer;G0458;10308;Noord-Holland;P27;2603;2401;17;;2384;781;724;548;131;17;40;42;5;36;21;20;3;5;7;1;;1;;;2;;;;
Scherpenzeel;G0279;11146;Gelderland;P25;4906;4554;10;;4544;1046;1498;1047;143;519;5;30;35;12;53;17;127;5;3;1;;;3;;;;;;
Schiedam;G0606;11260;Zuid-Holland;P28;55197;48616;229;;48387;24445;10729;6383;2532;545;1035;739;140;390;147;249;348;371;180;78;26;11;25;10;;4;;;
Schiermonnikoog;G0088;10355;Fryslân;P21;614;1022;4;;1018;236;351;219;92;2;6;43;20;25;1;10;7;2;2;1;;;1;;;;;;
Schijndel;G0844;11178;Noord-Brabant;P30;12318;10463;65;;10398;3082;4901;1267;435;5;36;146;4;55;181;34;3;22;75;121;21;2;4;4;;;;;
Schimmert;G0961;11076;Limburg;P31;2204;1963;11;;1952;348;1125;290;59;1;8;35;;15;34;4;1;1;24;3;;3;;1;;;;;
Schinnen;G0962;10132;Limburg;P31;4272;3711;38;;3673;1099;1681;548;106;2;20;69;4;34;33;10;2;3;35;10;;13;2;2;;;;;
Schinveld;G0963;10492;Limburg;P31;3294;2879;29;;2850;818;1355;279;47;;24;110;1;17;59;15;;6;99;6;;10;3;1;;;;;
Schipluiden;G0607;10130;Zuid-Holland;P28;4662;4466;17;;4449;497;2651;824;213;51;7;60;30;15;10;30;12;9;38;2;;;;;;;;;
Schoonebeek;G0129;10064;Drenthe;P22;5027;4431;13;;4418;1274;2578;306;70;6;20;44;13;13;48;11;3;2;19;5;;2;;4;;;;;
Schoonhoven;G0608;10980;Zuid-Holland;P28;7131;6550;51;;6499;1927;1974;1349;423;350;38;130;43;68;32;53;41;29;13;19;1;4;4;1;;;;;
Schoonrewoerd;G0609;10214;Zuid-Holland;P28;937;857;3;;854;126;291;114;29;222;2;5;9;;27;4;24;;;1;;;;;;;;;
Schoorl;G0444;10627;Noord-Holland;P27;4342;4181;43;;4138;1238;988;1219;363;7;47;85;8;54;38;36;10;12;19;2;;3;3;4;2;;;;
Sevenum;G0964;10045;Limburg;P31;4243;3798;35;;3763;578;2482;410;102;;5;57;;28;23;5;;2;63;7;;;;1;;;;;
's-Graveland;G0390;10534;Noord-Holland;P27;6166;5592;32;;5560;1344;1731;1466;552;112;38;82;45;41;31;39;39;14;20;2;;2;1;1;;;;;
's-Gravendeel;G0517;10052;Zuid-Holland;P28;5111;4666;20;;4646;1856;1336;732;206;317;16;32;47;10;10;20;46;11;1;1;3;;;;;2;;;
's-Gravenhage;G0518;11434;Zuid-Holland;P28;352986;297354;1439;;295915;110770;62658;71455;19842;3318;5130;4458;1370;2801;1225;4839;1169;3985;1045;1194;173;130;80;135;;49;;89;
's-Gravenmoer;G0787;10469;Noord-Brabant;P30;1286;1191;7;;1184;227;652;153;38;35;1;10;11;4;14;1;32;;;5;;1;;;;;;;
's-Gravenzande;G0519;10640;Zuid-Holland;P28;10608;9705;61;;9644;2081;3772;2430;382;453;25;79;89;30;60;51;136;39;11;5;;;;1;;;;;
's-Hertogenbosch;G0796;10054;Noord-Brabant;P30;59904;49209;294;;48915;18293;16321;7310;3109;32;472;1009;129;689;311;255;40;219;280;325;58;27;13;23;;;;;
Sijbekarspel;G0447;11167;Noord-Holland;P27;1236;1109;11;;1098;288;361;295;82;;9;21;;10;7;9;;2;13;;;;;1;;;;;
Simpelveld;G0965;10515;Limburg;P31;4445;4017;43;;3974;1075;1911;644;77;5;30;82;4;23;36;17;;9;47;6;;6;2;;;;;;
Sint Geertruid;G0966;10288;Limburg;P31;945;875;11;;864;152;542;93;25;;6;10;;6;9;3;;1;14;1;;1;1;;;;;;
Sint Maarten;G0445;10740;Noord-Holland;P27;1248;1124;12;;1112;351;319;265;91;3;13;17;;17;13;11;3;3;3;2;;;;1;;;;;
Sint Odiliënberg;G0967;10278;Limburg;P31;2310;1992;19;;1973;485;879;411;61;;5;34;1;8;30;5;1;5;36;;;6;3;3;;;;;
Sint Pancras;G0446;10513;Noord-Holland;P27;3231;3063;19;;3044;848;961;712;242;17;59;66;14;23;34;15;40;7;5;;;;;1;;;;;
Sint Philipsland;G0712;10394;Zeeland;P29;1515;1424;4;;1420;282;298;133;31;630;5;3;16;2;9;;11;;;;;;;;;;;;
Sint-Michielsgestel;G0845;10496;Noord-Brabant;P30;7699;6785;48;;6737;1968;2998;1043;331;4;37;81;12;35;97;39;6;15;55;14;1;1;;;;;;;
Sint-Oedenrode;G0846;10399;Noord-Brabant;P30;9493;8658;41;;8617;2054;4829;983;297;3;38;154;3;36;101;22;6;10;30;31;16;1;2;1;;;;;
Sittard;G0968;11230;Limburg;P31;23470;18981;194;;18787;6408;7259;2810;716;10;262;588;10;192;145;83;12;29;155;32;;60;8;8;;;;;
Sleen;G0130;10489;Drenthe;P22;5839;5456;27;;5429;2665;1137;1062;153;13;171;56;27;23;49;28;26;2;10;4;;2;;1;;;;;
Slenaken;G0969;11274;Limburg;P31;482;549;3;;546;147;245;97;20;1;5;6;4;1;5;3;3;2;6;1;;;;;;;;;
Sliedrecht;G0610;11331;Zuid-Holland;P28;15324;13663;87;;13576;5605;2428;1740;641;2317;105;118;156;54;72;62;199;38;7;7;11;5;4;6;;1;;;
Slochteren;G0040;10747;Groningen;P20;9587;8275;67;;8208;3388;1593;1581;242;14;149;97;750;88;113;35;96;41;12;4;;4;;1;;;;;
Sloten (F);G0089;10867;Fryslân;P21;440;448;1;;447;77;250;54;20;4;1;3;9;3;2;3;16;1;4;;;;;;;;;;
Sluis;G0713;10895;Zeeland;P29;2155;1907;14;;1893;627;552;535;53;6;5;27;8;6;37;6;3;8;16;1;;;3;;;;;;
Smallingerland;G0090;10405;Fryslân;P21;30006;27371;123;;27248;10799;9665;2679;1135;163;568;382;945;188;147;102;376;56;16;11;6;3;3;4;;;;;
Smilde;G0131;11033;Drenthe;P22;5417;4898;27;;4871;1724;2018;570;143;14;20;66;117;23;39;18;64;41;3;5;;2;3;1;;;;;
Sneek;G0091;11421;Fryslân;P21;18999;17066;85;;16981;6360;6279;2119;932;53;323;249;134;100;76;133;130;35;31;7;11;4;4;1;;;;;
Snelrewaard;G0341;10802;Utrecht;P26;458;426;4;;422;33;238;79;14;43;;1;;1;3;1;4;1;4;;;;;;;;;;
Soest;G0342;11021;Utrecht;P26;27948;24884;188;;24696;5077;7799;7805;1854;347;138;346;191;160;204;267;255;69;76;47;19;35;3;4;;;;;
Someren;G0847;10203;Noord-Brabant;P30;9796;8481;55;;8426;1188;5604;974;279;3;17;149;1;30;90;14;1;5;52;7;5;4;2;1;;;;;
Son en Breugel;G0848;10549;Noord-Brabant;P30;8859;8009;13;;7996;1335;3275;2342;656;2;12;141;19;52;71;58;5;5;12;8;2;1;;;;;;;
Spaubeek;G0970;10552;Limburg;P31;2445;2047;26;;2021;578;900;365;58;;10;37;2;3;22;21;2;6;12;1;;3;;1;;;;;
Spijkenisse;G0612;10735;Zuid-Holland;P28;20829;18335;84;;18251;9034;3097;3360;1401;258;204;230;83;122;59;110;80;107;11;74;6;8;5;1;;1;;;
Sprang-Capelle;G0849;11233;Noord-Brabant;P30;5302;4648;42;;4606;879;1871;641;129;699;26;48;33;16;137;24;71;13;8;2;7;;1;1;;;;;
Stad Delden;G0179;10913;Overijssel;P23;4686;4363;15;;4348;891;2150;875;222;7;5;54;15;26;33;28;9;5;21;6;;;1;;;;;;
Stadskanaal;G0037;10610;Groningen;P20;23013;20232;131;;20101;8109;7228;1866;434;95;565;173;664;76;142;70;543;33;73;12;;7;9;2;;;;;
Standdaarbuiten;G0850;11212;Noord-Brabant;P30;1720;1571;9;;1562;396;813;242;56;3;7;14;1;1;9;7;;;9;;1;1;1;1;;;;;
Staphorst;G0180;11362;Overijssel;P23;7178;6822;27;;6795;805;1454;756;109;2183;12;25;644;14;415;15;349;9;2;2;;;1;;;;;;
Stavoren;G0092;10240;Fryslân;P21;636;573;6;;567;127;301;84;29;3;2;8;;3;2;3;3;1;;;;;1;;;;;;
Stedum;G0041;10771;Groningen;P20;1384;1258;5;;1253;374;605;101;24;3;14;21;67;19;7;1;12;;;1;;1;2;1;;;;;
Steenbergen;G0851;10731;Noord-Brabant;P30;9280;8013;70;;7943;3087;2911;1266;287;17;37;55;4;43;128;24;2;14;53;1;9;2;3;;;;;;
Steenderen;G0280;10497;Gelderland;P25;3068;2869;8;;2861;582;1648;388;99;18;2;31;2;3;44;3;16;3;16;4;;;1;;;1;;;
Steenwijk;G0181;10546;Overijssel;P23;14374;13151;27;;13124;5106;4440;1977;564;63;92;236;215;86;140;72;95;11;15;9;;1;;2;;;;;
Stein;G0971;11319;Limburg;P31;8766;7368;76;;7292;2444;3035;1043;259;6;51;110;;45;80;39;4;21;78;8;;63;5;1;;;;;
Stevensweert;G0972;11203;Limburg;P31;1070;992;12;;980;202;541;135;24;1;9;11;2;4;26;4;1;5;10;2;;3;;;;;;;
Stolwijk;G0615;11250;Zuid-Holland;P28;2879;2672;45;;2627;860;388;691;118;446;11;20;2;9;51;14;9;6;1;1;;;;;;;;;
Stramproy;G0973;11186;Limburg;P31;2874;2532;19;;2513;516;1435;361;53;;6;33;1;33;31;7;2;4;18;1;;12;;;;;;;
Streefkerk;G0616;11105;Zuid-Holland;P28;1528;1426;19;;1407;363;366;254;63;287;5;10;12;4;16;13;6;7;1;;;;;;;;;;
Strijen;G0617;10558;Zuid-Holland;P28;5424;4943;26;;4917;1973;1016;1109;223;283;30;53;40;36;27;30;70;18;;4;;;5;;;;;;
Susteren;G0974;10457;Limburg;P31;5024;4270;65;;4205;1139;2065;497;131;2;43;57;2;19;52;19;5;6;146;5;;15;1;1;;;;;
Swalmen;G0975;10474;Limburg;P31;5821;4845;75;;4770;1492;2135;684;147;3;26;75;6;36;64;19;2;10;47;8;;15;1;;;;;;
't Zandt;G0054;10956;Groningen;P20;1656;1512;8;;1504;636;465;250;44;2;3;28;29;22;6;8;6;2;;2;;1;;;;;;;
Tegelen;G0976;11333;Limburg;P31;11773;10027;112;;9915;3327;4677;1125;267;1;49;176;2;49;89;32;5;26;76;6;;5;2;1;;;;;
Ten Boer;G0009;10891;Groningen;P20;4472;4154;15;;4139;1267;1399;587;175;13;71;72;370;31;20;26;96;7;2;2;;;1;;;;;;
Ter Aar;G0480;11104;Zuid-Holland;P28;4831;4492;33;;4459;636;2479;872;165;110;15;55;18;16;35;13;10;7;23;2;3;;;;;;;;
Terheijden;G0853;10905;Noord-Brabant;P30;4857;4316;28;;4288;1387;1771;646;223;3;28;56;;48;59;17;2;17;22;3;3;1;1;1;;;;;
Termunten;G0042;11023;Groningen;P20;3432;2789;38;;2751;1277;714;270;70;11;226;43;11;31;16;19;52;6;1;2;;;2;;;;;;
Terneuzen;G0715;10704;Zeeland;P29;22979;19542;86;;19456;6986;4994;3525;938;1076;93;283;712;85;231;102;164;78;85;66;;23;4;11;;;;;
Terschelling;G0093;11210;Fryslân;P21;3282;4008;31;;3977;1282;907;1096;312;13;25;100;29;68;31;71;17;20;1;1;2;;;2;;;;;
Teteringen;G0854;10677;Noord-Brabant;P30;3581;3359;11;;3348;616;1575;834;188;2;13;35;3;13;23;13;;10;17;3;3;;;;;;;;
Texel;G0448;10237;Noord-Holland;P27;8439;8606;40;;8566;2503;2597;2092;585;69;72;176;38;106;87;108;83;11;24;10;;2;;2;1;;;;
Tholen;G0716;10376;Zeeland;P29;12172;10863;58;;10805;3129;2282;1556;266;3006;28;70;108;30;91;54;133;15;14;6;;11;2;4;;;;;
Thorn;G0977;11195;Limburg;P31;1834;1678;26;;1652;345;1003;183;39;1;2;22;4;9;26;5;;;11;;;;;2;;;;;
Tiel;G0281;10027;Gelderland;P25;17260;15184;42;;15142;7150;3607;2636;799;70;77;255;149;86;85;101;26;35;34;25;;2;2;3;;;;;
Tienhoven (ZH);G0618;10706;Zuid-Holland;P28;311;298;1;;297;64;137;39;5;32;2;3;;1;8;;5;;1;;;;;;;;;;
Tietjerksteradeel;G0094;11241;Fryslân;P21;18825;17190;86;;17104;5018;7753;2213;798;196;88;152;308;79;103;111;248;19;9;6;1;1;1;;;;;;
Tilburg;G0855;10792;Noord-Brabant;P30;106476;87439;659;;86780;31977;29766;12241;4643;53;853;1995;69;1201;840;382;35;298;480;909;858;62;99;19;;;;;
Tubbergen;G0183;10694;Overijssel;P23;10731;10283;23;;10260;883;8193;597;139;9;12;57;5;22;192;18;10;5;112;4;;;2;;;;;;
Twisk;G0449;10371;Noord-Holland;P27;613;566;4;;562;235;70;171;38;1;9;12;5;;8;8;4;;;;;1;;;;;;;
Ubach over Worms;G0978;10146;Limburg;P31;7716;6413;108;;6305;2744;1992;743;199;11;137;111;7;32;124;52;5;21;72;26;;16;9;4;;;;;
Ubbergen;G0282;10408;Gelderland;P25;6911;6230;20;;6210;1647;3005;866;271;4;24;178;4;79;30;15;4;11;30;39;;2;1;;;;;;
Uden;G0856;11141;Noord-Brabant;P30;19202;16691;79;;16612;3613;7848;3374;789;8;42;206;16;124;141;79;10;27;70;200;23;31;2;9;;;;;
Udenhout;G0857;11268;Noord-Brabant;P30;5250;4421;23;;4398;848;2521;652;225;;12;51;3;11;35;14;;2;10;2;7;2;1;2;;;;;
Uitgeest;G0450;11238;Noord-Holland;P27;5982;5515;39;;5476;1576;1631;1234;474;2;222;143;10;47;25;64;6;12;24;2;;3;;;1;;;;
Uithoorn;G0451;11206;Noord-Holland;P27;14418;13274;56;;13218;3207;4177;3781;1059;23;141;308;27;112;73;162;47;48;39;9;;2;2;1;;;;;
Uithuizen;G0043;11137;Groningen;P20;3730;3445;25;;3420;1334;1215;382;73;11;94;28;183;30;14;17;13;7;15;3;;;1;;;;;;
Uithuizermeeden;G0044;10246;Groningen;P20;3581;3304;13;;3291;843;1438;337;52;11;12;30;495;8;23;4;29;2;5;1;;;;1;;;;;
Ulestraten;G0979;11220;Limburg;P31;2408;2185;11;;2174;497;1025;464;83;2;7;32;;11;13;14;1;1;15;1;;7;1;;;;;;
Ulrum;G0045;10180;Groningen;P20;2557;2341;14;;2327;606;956;235;43;36;20;14;296;20;17;12;67;4;;;;1;;;;;;;
Urk;G0184;10783;Overijssel;P23;5228;4999;15;;4984;95;1927;218;28;1450;6;10;236;3;27;2;964;7;1;4;;1;5;;;;;;
Urmond;G0980;10700;Limburg;P31;3347;2950;36;;2914;923;1335;328;91;;19;85;2;47;19;5;;9;40;3;;4;2;2;;;;;
Ursem;G0452;10696;Noord-Holland;P27;1811;1649;8;;1641;315;713;351;123;;30;25;;14;16;12;;1;40;;;;;;1;;;;
Usquert;G0046;11035;Groningen;P20;1164;1102;6;;1096;701;101;175;26;1;32;18;26;2;4;4;1;;;2;;;2;1;;;;;
Utingeradeel;G0095;10140;Fryslân;P21;3661;3450;16;;3434;1639;800;603;174;50;27;43;12;27;14;18;19;3;2;2;;1;;;;;;;
Utrecht;G0344;10722;Utrecht;P26;177385;152180;844;;151336;61392;37111;24618;9776;1325;2728;3679;896;3905;689;1042;598;622;802;1866;122;45;73;47;;;;;
Vaals;G0981;10007;Limburg;P31;6412;5413;113;;5300;1864;1996;848;107;6;137;87;8;34;44;34;1;17;103;3;;3;7;1;;;;;
Valburg;G0283;11071;Gelderland;P25;7247;6587;18;;6569;1522;2989;985;246;449;9;99;59;32;83;19;41;6;9;19;;1;1;;;;;;
Valkenburg (ZH);G0619;10028;Zuid-Holland;P28;1806;1606;3;;1603;246;727;335;52;67;6;26;102;1;8;5;23;4;;;;;;1;;;;;
Valkenburg-Houthem;G0982;11077;Limburg;P31;8960;8773;85;;8688;2059;3937;1856;232;15;80;125;10;56;96;56;5;15;115;6;;20;1;4;;;;;
Valkenisse;G0720;10779;Zeeland;P29;3942;3687;11;;3676;738;1533;728;190;227;9;79;54;15;34;24;25;12;3;1;;1;;3;;;;;
Valkenswaard;G0858;11031;Noord-Brabant;P30;17764;15317;61;;15256;4394;6628;2629;847;7;47;240;15;80;135;75;8;30;92;17;3;5;2;2;;;;;
Varik;G0284;11064;Gelderland;P25;855;788;1;;787;271;286;125;22;23;1;13;1;5;28;8;2;;1;1;;;;;;;;;
Veendam;G0047;11292;Groningen;P20;18780;16737;96;;16641;9083;3109;2553;569;24;451;188;138;132;94;79;123;48;20;13;;9;8;;;;;;
Veenendaal;G0345;11052;Utrecht;P26;24269;22024;96;;21928;5388;7758;3283;891;2704;81;171;412;69;241;99;721;46;17;34;8;2;3;;;;;;
Veere;G0717;10369;Zeeland;P29;3028;2939;9;;2930;404;1389;440;140;249;12;46;131;4;16;25;68;2;;;;1;2;1;;;;;
Veghel;G0860;10985;Noord-Brabant;P30;14211;12321;73;;12248;2609;6338;2097;531;5;36;138;11;89;127;61;5;27;57;81;23;7;1;5;;;;;
Veldhoven;G0861;10071;Noord-Brabant;P30;20012;16718;61;;16657;4232;7480;2988;1017;9;61;290;24;106;145;78;13;42;97;59;8;3;5;;;;;;
Velsen;G0453;10620;Noord-Holland;P27;44619;39716;298;;39418;14892;10017;7859;2724;176;1086;722;286;391;210;514;221;159;83;37;;21;13;7;;;;;
Venhuizen;G0454;10433;Noord-Holland;P27;4312;3937;13;;3924;1020;1339;970;261;2;45;88;4;59;45;26;4;17;39;2;;3;;;;;;;
Venlo;G0983;10477;Limburg;P31;41969;34150;333;;33817;8924;15239;5845;1289;15;235;798;24;297;268;150;12;79;535;57;;28;9;13;;;;;
Venray;G0984;11222;Limburg;P31;20952;16968;172;;16796;3523;9280;2001;795;6;90;306;5;178;202;54;4;28;139;160;;13;4;8;;;;;
Vessem, Wintelre en Knegsel;G0862;11414;Noord-Brabant;P30;2798;2560;16;;2544;241;1813;299;105;;6;21;2;10;28;8;2;1;6;2;;;;;;;;;
Vianen;G0620;10887;Zuid-Holland;P28;8695;7801;45;;7756;2708;2248;1594;550;195;67;154;27;48;30;55;22;21;15;13;5;1;2;1;;;;;
Vierlingsbeek;G0863;10066;Noord-Brabant;P30;4736;4243;27;;4216;641;2786;461;116;6;9;57;2;29;31;14;2;12;29;13;4;;3;1;;;;;
Vierpolders;G0621;11056;Zuid-Holland;P28;1303;1199;6;;1193;506;177;316;97;10;6;16;6;6;25;10;5;5;2;2;2;2;;;;;;;
Vinkeveen en Waverveen;G0346;11048;Utrecht;P26;5713;5146;39;;5107;742;2116;1494;310;167;26;60;24;18;50;41;12;17;25;2;1;1;1;;;;;;
Vlaardingen;G0622;10811;Zuid-Holland;P28;55410;48813;185;;48628;22624;10529;7128;3104;1627;558;833;398;395;125;293;362;232;69;304;16;9;15;6;;1;;;
Vlagtwedde;G0048;11249;Groningen;P20;11898;10469;77;;10392;4459;3451;1358;224;33;256;89;72;60;193;35;51;28;66;5;;3;6;3;;;;;
Vledder;G0132;11120;Drenthe;P22;2413;2227;13;;2214;1007;415;492;128;16;32;29;11;10;33;8;12;5;6;4;;2;2;2;;;;;
Vleuten-De Meern;G0347;10658;Utrecht;P26;10633;9891;37;;9854;1691;4182;2596;598;112;38;174;100;70;52;66;36;19;97;16;2;3;2;;;;;;
Vlieland;G0096;10211;Fryslân;P21;734;1076;7;;1069;429;170;293;91;;7;21;2;13;9;17;9;1;1;1;2;2;1;;;;;;
Vlijmen;G0864;11293;Noord-Brabant;P30;8697;7597;58;;7539;1848;3610;1224;411;9;22;77;8;59;138;27;3;16;46;16;20;1;2;2;;;;;
Vlissingen;G0718;10270;Zeeland;P29;30346;25970;109;;25861;11282;5881;4469;1570;717;205;531;264;156;176;211;149;169;43;18;;6;10;4;;;;;
Vlist;G0623;11174;Zuid-Holland;P28;413;392;5;;387;44;172;75;9;68;2;2;1;;10;;2;1;1;;;;;;;;;;
Vlodrop;G0985;10644;Limburg;P31;1390;1197;20;;1177;292;533;233;27;;2;17;;3;22;8;3;1;18;1;;16;;1;;;;;
Voerendaal;G0986;11341;Limburg;P31;5855;5267;55;;5212;1292;2457;912;213;5;49;106;1;43;37;20;;10;52;8;;6;1;;;;;;
Voorburg;G0624;11103;Zuid-Holland;P28;33580;30581;159;;30422;6996;8526;9940;2613;188;130;457;242;240;72;492;113;191;128;34;21;20;4;15;;;;;
Voorhout;G0625;10017;Zuid-Holland;P28;4305;4000;26;;3974;589;1904;954;242;7;25;94;11;49;28;31;3;8;24;1;2;1;;1;;;;;
Voorschoten;G0626;10537;Zuid-Holland;P28;14263;13257;74;;13183;2554;4129;4461;1062;138;42;224;61;104;44;175;60;26;35;50;5;2;2;9;;;;;
Voorst;G0285;10912;Gelderland;P25;15738;13839;48;;13791;4020;5372;2703;585;229;85;154;53;64;255;74;53;30;96;11;;2;1;2;;2;;;
Vorden;G0286;10957;Gelderland;P25;5662;4882;28;;4854;1383;1820;1035;236;35;11;52;23;14;161;28;20;7;21;7;;;1;;;;;;
Vries;G0133;10630;Drenthe;P22;6339;5723;38;;5685;2292;732;1792;310;8;57;117;94;42;110;59;24;28;3;12;;1;2;2;;;;;
Vriezenveen;G0186;10643;Overijssel;P23;10562;9558;37;;9521;2641;4476;757;197;552;24;56;152;11;218;13;398;12;11;;;1;1;1;;;;;
Vught;G0865;11224;Noord-Brabant;P30;16303;14181;62;;14119;3235;6178;2983;895;6;63;230;26;116;126;69;9;24;92;45;8;6;5;3;;;;;
Vuren;G0287;11376;Gelderland;P25;2015;1869;6;;1863;716;599;318;82;40;11;21;15;9;19;10;16;6;;;;;;1;;;;;
Waalre;G0866;10959;Noord-Brabant;P30;9007;8112;29;;8083;1534;3426;2141;576;4;24;126;5;41;61;55;14;16;45;7;5;2;;1;;;;;
Waalwijk;G0867;11359;Noord-Brabant;P30;17854;15538;81;;15457;4403;6140;2938;884;88;99;191;41;126;175;86;60;55;100;41;15;4;7;4;;;;;
Waardenburg;G0288;10238;Gelderland;P25;1453;1365;7;;1358;429;334;158;37;326;6;19;8;4;26;3;7;;;;;;;1;;;;;
Waddinxveen;G0627;10081;Zuid-Holland;P28;13220;12090;88;;12002;3237;3303;2621;726;1287;34;179;173;53;55;83;159;22;44;8;7;6;;5;;;;;
Wageningen;G0289;11010;Gelderland;P25;21306;19523;66;;19457;6633;4761;3284;1651;515;303;796;147;561;87;154;149;19;31;352;;6;5;3;;;;;
Wamel;G0290;10042;Gelderland;P25;6256;5671;29;;5642;1391;3102;675;176;12;10;56;8;27;87;12;4;11;38;30;;1;;2;;;;;
Wanroij;G0868;10265;Noord-Brabant;P30;2751;2558;9;;2549;240;2040;162;63;;4;11;;9;15;1;;1;3;;;;;;;;;;
Warffum;G0049;10498;Groningen;P20;1673;1550;12;;1538;734;403;244;38;3;9;26;44;20;3;8;1;3;;1;;1;;;;;;;
Warmenhuizen;G0456;10221;Noord-Holland;P27;2399;2192;15;;2177;465;974;450;132;1;16;44;10;20;25;18;;3;18;;;;1;;;;;;
Warmond;G0628;10204;Zuid-Holland;P28;3414;3007;32;;2975;542;1350;672;170;28;10;89;4;31;22;31;1;3;11;3;4;2;;2;;;;;
Warnsveld;G0291;10838;Gelderland;P25;5274;4615;6;;4609;1293;1566;1147;281;12;26;64;34;37;51;40;20;8;22;6;;1;1;;;;;;
Waspik;G0869;10402;Noord-Brabant;P30;2882;2569;26;;2543;663;1400;252;68;11;7;21;1;13;67;2;9;4;20;;;1;2;2;;;;;
Wassenaar;G0629;10164;Zuid-Holland;P28;18958;17814;146;;17668;2531;5337;7815;1113;119;53;144;57;48;67;193;48;39;84;6;4;1;2;7;;;;;
Wateringen;G0630;11329;Zuid-Holland;P28;8486;7734;35;;7699;1325;3856;1645;400;18;23;116;28;44;43;62;12;36;78;7;1;4;;1;;;;;
Weerselo;G0188;10893;Overijssel;P23;5479;5281;11;;5270;514;4119;320;88;3;8;37;2;6;99;3;;5;59;5;;1;1;;;;;;
Weert;G0988;11081;Limburg;P31;24667;20360;217;;20143;5826;9106;3268;742;9;71;304;13;144;289;76;10;43;143;12;;73;7;7;;;;;
Weesp;G0457;10773;Noord-Holland;P27;11570;10240;78;;10162;3509;2585;2196;853;65;164;251;58;88;61;113;110;47;34;15;;6;4;3;;;;;
Wehl;G0292;11116;Gelderland;P25;3865;3412;4;;3408;733;1968;287;110;2;6;45;3;8;169;10;;10;48;5;;;3;1;;;;;
Werkendam;G0870;10078;Noord-Brabant;P30;10691;9612;58;;9554;2449;3799;1117;266;1339;33;72;108;29;40;31;242;19;1;2;3;2;2;;;;;;
Wervershoof;G0459;11270;Noord-Holland;P27;3875;3534;17;;3517;688;1961;419;130;;41;62;;18;119;12;4;7;50;4;;;;1;1;;;;
Wessem;G0989;10127;Limburg;P31;1511;1200;15;;1185;293;602;174;23;1;1;13;2;10;17;5;1;2;32;;;7;1;1;;;;;
Westdongeradeel;G0097;10129;Fryslân;P21;4118;3863;26;;3837;859;2161;382;89;95;51;42;67;20;22;9;31;4;;3;1;1;;;;;;;
Westerbork;G0134;11095;Drenthe;P22;4812;4533;18;;4515;1828;1073;1042;218;41;28;58;37;30;87;18;30;10;2;8;;1;;4;;;;;
Westerhoven;G0871;11041;Noord-Brabant;P30;1041;990;2;;988;172;620;98;39;1;8;19;1;3;15;5;;;3;1;;2;1;;;;;;
Westerschouwen;G0725;10701;Zeeland;P29;3551;4059;17;;4042;1301;996;1181;196;171;16;43;19;17;15;37;33;12;4;;;1;;;;;;;
Westervoort;G0293;11085;Gelderland;P25;4565;4114;21;;4093;1427;1563;618;252;11;11;86;14;25;19;16;8;11;22;9;;;1;;;;;;
Westkapelle;G0726;10931;Zeeland;P29;1822;1724;7;;1717;594;490;268;39;237;3;15;23;2;15;8;17;3;1;1;;;;1;;;;;
Westmaas;G0631;10695;Zuid-Holland;P28;1378;1255;4;;1251;336;354;365;83;47;2;12;6;12;7;5;14;5;;2;1;;;;;;;;
Weststellingwerf;G0098;11322;Fryslân;P21;16363;14679;102;;14577;6546;3836;2375;631;46;311;173;69;91;216;108;81;27;31;14;14;1;5;2;;;;;
Westwoud;G0460;11101;Noord-Holland;P27;1268;1122;12;;1110;243;537;174;69;;19;26;2;13;7;5;;4;10;1;;;;;;;;;
Wierden;G0189;10676;Overijssel;P23;13145;12530;26;;12504;1818;7345;1384;364;677;25;105;76;33;150;36;404;14;59;10;;1;1;2;;;;;
Wieringen;G0462;11277;Noord-Holland;P27;5607;4946;52;;4894;2146;756;1239;286;7;202;58;22;45;36;61;9;11;4;1;;1;3;1;6;;;;
Wieringermeer;G0463;10239;Noord-Holland;P27;7800;7130;42;;7088;2032;2626;1545;336;38;102;118;41;68;37;34;65;13;21;2;;4;1;;5;;;;
Wijchen;G0296;10723;Gelderland;P25;14072;12567;41;;12526;3263;6420;1584;613;1;49;206;6;69;134;44;1;11;50;75;;;;;;;;;
Wijdewormer;G0470;10434;Noord-Holland;P27;788;726;5;;721;198;187;188;63;2;14;16;1;7;12;13;4;2;10;;;2;;1;1;;;;
Wijhe;G0190;10888;Overijssel;P23;4706;4446;9;;4437;1370;2099;592;128;31;9;47;39;8;59;9;34;2;9;1;;;;;;;;;
Wijk bij Duurstede;G0352;10760;Utrecht;P26;5318;4681;29;;4652;1439;1593;1002;291;32;34;85;12;38;24;24;11;9;22;33;2;1;;;;;;;
Wijlre;G0991;10131;Limburg;P31;2507;2301;21;;2280;543;1183;298;60;2;27;46;3;17;33;10;5;4;44;3;;1;;1;;;;;
Wijnandsrade;G0992;10992;Limburg;P31;1016;974;4;;970;250;444;150;26;2;3;60;;7;4;6;;;14;2;;2;;;;;;;
Wijngaarden;G0634;10263;Zuid-Holland;P28;395;379;4;;375;40;143;31;11;117;1;4;10;1;5;6;5;;;1;;;;;;;;;
Willemstad;G0872;10827;Noord-Brabant;P30;1979;1862;10;;1852;675;663;323;91;22;12;15;7;3;7;9;20;2;1;;;1;;1;;;;;
Willeskop;G0349;10758;Utrecht;P26;597;551;4;;547;75;302;77;12;50;1;4;;1;17;;;;7;1;;;;;;;;;
Wilnis;G0350;10365;Utrecht;P26;3431;3168;31;;3137;376;1531;754;151;108;16;55;26;10;30;8;54;9;6;2;;;1;;;;;;
Winschoten;G0052;10453;Groningen;P20;14702;12781;66;;12715;6445;2276;1853;421;21;1015;159;125;91;40;72;124;43;12;6;;4;6;2;;;;;
Winsum;G0053;11135;Groningen;P20;3306;3171;8;;3163;1085;1216;455;152;3;5;82;94;20;8;13;25;2;1;;;;;2;;;;;
Winterswijk;G0294;11119;Gelderland;P25;18996;17161;75;;17086;7040;4356;3794;780;48;84;238;71;108;217;113;75;40;82;30;;1;6;3;;;;;
Wisch;G0295;10318;Gelderland;P25;12820;11050;43;;11007;3051;4770;2038;373;36;24;156;26;80;262;77;34;19;44;10;;3;2;2;;;;;
Wissenkerke;G0727;10243;Zeeland;P29;2256;2089;7;;2082;465;954;290;92;158;6;18;43;6;19;7;17;2;1;1;;2;;1;;;;;
Wittem;G0990;11371;Limburg;P31;4732;4486;35;;4451;1086;2435;537;107;6;23;62;5;32;52;24;1;9;60;;;7;1;4;;;;;
Woensdrecht;G0873;10602;Noord-Brabant;P30;6179;5322;47;;5275;1803;1860;1085;227;5;23;53;3;26;90;27;4;14;30;4;13;5;2;1;;;;;
Woerden;G0632;10974;Zuid-Holland;P28;14749;13278;66;;13212;2953;5367;2680;725;595;44;221;113;68;84;94;64;41;57;94;2;4;4;2;;;;;
Wognum;G0466;10818;Noord-Holland;P27;2517;2355;16;;2339;409;1157;462;149;;22;55;;24;13;14;;8;24;2;;;;;;;;;
Wonseradeel;G0099;10454;Fryslân;P21;7730;7186;44;;7142;2055;3619;766;236;39;70;92;88;47;52;24;27;9;3;6;7;1;1;;;;;;
Workum;G0100;10768;Fryslân;P21;2807;2608;25;;2583;542;1523;254;98;18;3;28;25;21;16;12;20;5;18;;;;;;;;;;
Wormer;G0467;10648;Noord-Holland;P27;7402;6765;28;;6737;2456;1659;1101;446;28;412;253;24;104;33;54;88;16;20;7;;;1;1;34;;;;
Woubrugge;G0633;10461;Zuid-Holland;P28;2807;2592;21;;2571;469;1103;564;211;63;5;26;7;21;25;26;26;14;8;1;;1;1;;;;;;
Woudenberg;G0351;11398;Utrecht;P26;5902;5427;46;;5381;954;1753;1297;268;610;10;77;104;65;77;34;116;9;;2;4;;;1;;;;;
Woudrichem;G0874;10282;Noord-Brabant;P30;7921;7282;34;;7248;1856;3421;738;158;481;25;65;206;29;52;18;179;9;3;4;1;1;2;;;;;;
Wouw;G0875;10808;Noord-Brabant;P30;5268;4505;35;;4470;1216;2031;780;159;2;10;45;2;14;107;27;3;14;36;;19;1;3;1;;;;;
Wymbritseradeel;G0101;11427;Fryslân;P21;7366;6966;21;;6945;1197;4371;716;285;35;14;89;48;37;44;34;36;8;27;1;2;;;1;;;;;
Zaanstad;G0479;11044;Noord-Holland;P27;84934;75019;340;;74679;30770;14344;11684;5024;376;6977;1683;414;1184;302;733;426;350;218;73;;34;32;11;44;;;;
Zaltbommel;G0297;10557;Gelderland;P25;5538;4918;10;;4908;2027;1231;925;275;125;30;79;47;37;35;42;24;6;7;14;;;3;1;;;;;
Zandvoort;G0473;10910;Noord-Holland;P27;12405;10923;84;;10839;3210;1841;4274;744;23;156;136;34;71;72;157;17;49;34;10;;3;3;5;;;;;
Zeeland;G0877;10759;Noord-Brabant;P30;3437;3114;16;;3098;431;2252;220;73;;3;32;1;15;25;9;;3;16;16;2;;;;;;;;
Zeevang;G0478;11121;Noord-Holland;P27;3427;3125;27;;3098;1154;397;1021;261;3;55;67;3;35;48;26;5;12;7;1;;1;1;;1;;;;
Zegveld;G0354;10949;Utrecht;P26;1204;1128;11;;1117;126;564;172;29;135;1;3;14;4;15;9;38;1;4;1;;1;;;;;;;
Zeist;G0355;10324;Utrecht;P26;42219;37235;265;;36970;9540;10359;10156;2579;1220;215;700;545;328;185;416;360;107;101;104;27;9;7;12;;;;;
Zelhem;G0298;11159;Gelderland;P25;7489;6554;31;;6523;2131;2374;1142;254;119;16;68;41;20;260;35;26;10;18;3;;;1;5;;;;;
Zevenaar;G0299;10938;Gelderland;P25;17141;15122;26;;15096;3833;6249;2999;862;26;97;414;80;85;154;86;36;39;104;25;;1;3;3;;;;;
Zevenbergen;G0878;10046;Noord-Brabant;P30;9703;8458;54;;8404;2730;3486;1297;403;25;44;80;99;39;100;25;11;25;31;1;5;;3;;;;;;
Zevenhoven;G0635;11317;Zuid-Holland;P28;1362;1283;11;;1272;206;687;255;33;38;2;13;3;3;7;5;9;3;7;1;;;;;;;;;
Zevenhuizen;G0636;11377;Zuid-Holland;P28;3735;3451;43;;3408;1115;833;839;161;256;9;41;15;15;50;21;33;11;4;1;3;;1;;;;;;
Zierikzee;G0732;10843;Zeeland;P29;6241;5547;22;;5525;2134;1604;1003;271;238;20;50;25;25;21;20;89;9;6;10;;;;;;;;;
Zijpe;G0476;10004;Noord-Holland;P27;5755;5180;37;;5143;1814;1285;1372;301;18;61;80;3;47;56;40;3;13;35;;;1;2;12;;;;;
Zoelen;G0300;10897;Gelderland;P25;3144;2883;13;;2870;1256;503;683;131;109;7;42;5;22;75;20;5;8;3;1;;;;;;;;;
Zoetermeer;G0637;10766;Zuid-Holland;P28;32919;29153;230;;28923;9005;6808;7688;2642;904;224;458;148;215;104;294;159;153;62;28;15;2;2;12;;;;;
Zoeterwoude;G0638;11074;Zuid-Holland;P28;4508;4182;28;;4154;740;1998;839;283;38;23;80;3;28;16;29;5;13;45;9;3;2;;;;;;;
Zuid-Beijerland;G0639;10917;Zuid-Holland;P28;2219;2048;15;;2033;718;592;355;89;201;8;13;15;7;18;4;10;2;;;1;;;;;;;;
Zuidelijke IJsselmeerpolders;G0996;10018;Niet-provinciaal ingedeeld;P99;14939;13321;23;;13298;5191;2897;2402;1045;85;597;445;112;86;96;116;100;79;15;19;;6;5;2;;;;;
Zuidhorn;G0056;10021;Groningen;P20;4398;4110;13;;4097;1078;1177;732;197;20;10;62;702;27;18;17;46;7;1;2;;1;;;;;;;
Zuidland;G0640;10316;Zuid-Holland;P28;2565;2322;8;;2314;554;1116;381;138;45;6;21;12;3;8;12;13;5;;;;;;;;;;;
Zuidlaren;G0136;10002;Drenthe;P22;6578;5852;31;;5821;1932;1366;1533;305;13;36;102;273;35;81;49;57;17;3;9;;2;3;5;;;;;
Zuidwolde;G0137;10262;Drenthe;P22;5701;5264;25;;5239;1399;1849;1159;235;41;12;40;132;18;228;44;42;24;3;7;;2;1;3;;;;;
Zundert;G0879;11192;Noord-Brabant;P30;8422;6894;96;;6798;1399;3167;1325;213;9;13;72;1;53;386;42;1;12;85;4;14;1;;1;;;;;
Zutphen;G0301;10254;Gelderland;P25;20965;18659;70;;18589;8756;3963;3038;1204;66;394;376;126;208;121;134;64;41;54;32;;4;6;1;;1;;;
Zwaag;G0475;10218;Noord-Holland;P27;2166;1956;10;;1946;337;1008;380;105;1;7;50;1;17;8;9;1;3;18;;;;;;1;;;;
Zwartewaal;G0641;10703;Zuid-Holland;P28;1227;1131;6;;1125;385;216;371;88;6;8;17;5;8;7;7;2;4;;;;1;;;;;;;
Zwartsluis;G0192;10303;Overijssel;P23;2917;2722;8;;2714;659;1315;285;86;118;29;21;72;5;36;8;76;;2;1;;;;1;;;;;
Zweeloo;G0138;10872;Drenthe;P22;1891;1822;6;;1816;587;441;589;88;3;6;28;8;13;31;12;3;1;1;3;;1;1;;;;;;
Zwijndrecht;G0642;10468;Zuid-Holland;P28;26665;23703;137;;23566;8468;6292;4749;1380;952;145;287;578;105;86;136;227;98;22;19;11;2;3;6;;;;;
Zwolle;G0193;10093;Overijssel;P23;54976;49357;136;;49221;17757;14919;8128;2786;647;455;790;1417;421;312;321;1008;96;100;29;;16;10;9;;;;;
