RegioNaam;RegioCode;AmsterdamseCode;OuderRegioNaam;OuderRegioCode;Kiesgerechtigden;Opkomst;OngeldigeStemmen;BlancoStemmen;GeldigeStemmen;CDA;Partij van de Arbeid (P.v.d.A.);VVD;Democraten 66 (D66);GL;Staatkundig Gereformeerde Partij (SGP);Gereformeerd Politiek Verbond (GPV);Reformatorische Politieke Federatie (RPF);Centrumdemocraten;SP (Socialistische Partij);De Groenen;Vrouwenpartij;Bejaarden Centraal;VCN: partij van communisten in Nederland;Realisten Nederland;Socialistische Arbeiderspartij;Anti Werkloosheid Partij;Politieke Partij voor Ouderen;Vooruitstrevende Minderheden Partij;Partij Democratisch Socialisten;Socialistische Minderheden Partij;Humanistische Partij;Milieu Defensie Partij 2000+;Grote Alliance Partij;Staatkundige Federatie
Aalburg;G0738;11084;Noord-Brabant;P30;7619;6537;28;;6509;2712;1019;513;206;96;1555;137;223;23;6;7;6;2;;1;3;;;;;;;;;
Aalsmeer;G0358;11264;Noord-Holland;P27;16904;14231;50;;14181;6206;2612;3361;1107;342;82;131;164;95;3;39;20;5;5;2;;2;4;;;1;;;;
Aalten;G0197;11046;Gelderland;P25;13500;11584;28;;11556;6672;2683;933;505;303;27;105;234;33;3;22;11;;2;3;8;4;7;1;;;;;;
Aardenburg;G0648;11020;Zeeland;P29;2674;2186;4;;2182;953;634;411;94;45;11;8;3;10;;7;3;;1;;2;;;;;;;;;
Aarle-Rixtel;G0739;10757;Noord-Brabant;P30;4181;3566;16;;3550;1833;922;405;239;71;2;10;12;19;12;11;4;4;;;5;;;1;;;;;;
Abcoude;G0305;10712;Utrecht;P26;5885;5200;22;;5178;1957;880;1334;568;175;63;78;35;38;4;26;12;2;2;1;1;1;;;1;;;;;
Achtkarspelen;G0059;10199;Fryslân;P21;19787;17514;57;;17457;7261;6519;987;655;371;191;808;563;26;11;29;8;;9;9;6;3;;1;;;;;;
Adorp;G0001;10996;Groningen;P20;1337;1214;0;;1214;436;322;146;74;84;3;124;5;2;3;3;5;;1;6;;;;;;;;;;
Aduard;G0002;10999;Groningen;P20;2101;1880;1;;1879;607;647;203;103;59;1;229;8;2;2;4;2;;1;10;1;;;;;;;;;
Akersloot;G0360;10346;Noord-Holland;P27;3811;3285;11;;3274;1510;618;577;381;107;2;7;12;15;10;18;10;3;2;1;1;;;;;;;;;
Alblasserdam;G0482;11327;Zuid-Holland;P28;12896;10807;34;;10773;2668;4207;1176;702;291;1153;171;249;98;14;18;6;12;;;3;4;;1;;;;;;
Albrandswaard;G0613;10124;Zuid-Holland;P28;10862;9009;27;;8982;3182;2263;1923;826;244;206;114;55;94;10;28;12;6;6;4;8;1;;;;;;;;
Alkemade;G0483;10349;Zuid-Holland;P28;10141;8653;11;;8642;4979;1303;1396;515;290;14;20;11;39;6;28;10;10;1;4;3;3;;9;;1;;;;
Alkmaar;G0361;10527;Noord-Holland;P27;64433;50089;143;;49946;14236;17766;7871;4909;3155;92;340;237;428;250;300;101;83;48;27;31;9;46;17;;;;;;
Almelo;G0141;11053;Overijssel;P23;44437;36360;103;;36257;12193;15613;4047;2214;884;128;344;315;219;97;64;31;22;26;13;7;9;28;3;;;;;;
Almere;G0034;10018;Flevoland;P24;46243;34848;84;;34764;6079;13493;7498;4159;1880;40;214;114;783;117;154;84;;72;30;19;19;;9;;;;;;
Alphen aan den Rijn;G0484;10517;Zuid-Holland;P28;44028;34842;101;;34741;12453;8101;7228;3220;1322;580;420;551;225;426;83;50;16;4;25;32;2;;2;;1;;;;
Alphen en Riel;G0741;10710;Noord-Brabant;P30;4505;3834;11;;3823;2333;628;474;263;74;1;4;1;17;5;9;4;;2;2;6;;;;;;;;;
Ambt Delden;G0142;11400;Overijssel;P23;4030;3712;4;;3708;2722;423;381;112;38;4;12;2;9;2;;1;1;;1;;;;;;;;;;
Ameland;G0060;11153;Fryslân;P21;2382;2920;5;;2915;1279;851;440;176;99;6;32;7;6;1;8;4;;;5;1;;;;;;;;;
Amerongen;G0306;11372;Utrecht;P26;5036;4350;9;;4341;1560;1070;775;244;91;392;40;107;28;9;10;5;2;1;4;1;;;1;;1;;;;
Amersfoort;G0307;10948;Utrecht;P26;73373;57742;132;;57610;18947;16527;9082;5275;3291;817;2180;480;478;86;157;76;96;43;30;6;11;;4;11;7;6;;;
Ammerzoden;G0198;10151;Gelderland;P25;3148;2736;11;;2725;1618;587;240;135;36;46;5;23;11;3;8;1;;1;2;4;1;3;1;;;;;;
Amstelveen;G0362;10799;Noord-Holland;P27;55227;45728;116;;45612;13393;10536;12627;5553;1935;144;275;235;384;48;220;109;43;19;44;11;5;26;4;;1;;;;
Amsterdam;G0363;11150;Noord-Holland;P27;508361;360029;1260;;358769;54660;152832;48775;39496;38867;559;1262;1163;11182;1140;4268;803;718;1507;279;320;127;264;96;88;91;218;;54;
Andijk;G0364;10822;Noord-Holland;P27;4212;3626;7;;3619;1567;865;476;202;159;51;32;210;20;3;20;5;3;5;;1;;;;;;;;;
Angerlo;G0199;11131;Gelderland;P25;3277;2871;11;;2860;1390;942;247;200;48;2;2;6;10;;9;2;;;;2;;;;;;;;;
Anloo;G0105;10787;Drenthe;P22;5746;5062;13;;5049;632;2372;1330;440;153;1;42;19;10;11;9;13;;5;9;2;1;;;;;;;;
Anna Paulowna;G0366;10344;Noord-Holland;P27;7568;6287;21;;6266;2499;1444;1540;432;176;10;55;36;30;4;8;11;2;4;9;;1;2;3;;;;;;
Apeldoorn;G0200;11075;Gelderland;P25;110300;90076;185;;89891;30742;27887;14719;7973;2867;2117;1176;1156;465;115;296;112;102;43;46;42;21;;12;;;;;;
Appingedam;G0003;10886;Groningen;P20;9612;8079;28;;8051;2121;4120;718;440;292;18;167;63;17;17;8;5;;20;32;6;6;;1;;;;;;
Arcen en Velden;G0885;10202;Limburg;P31;6414;5431;12;;5419;3365;1023;520;300;149;3;4;5;7;19;8;6;6;3;1;;;;;;;;;;
Arnemuiden;G0649;11419;Zeeland;P29;3155;2645;12;;2633;727;505;238;113;42;646;32;289;32;;;3;;1;4;1;;;;;;;;;
Arnhem;G0202;10795;Gelderland;P25;99581;75381;227;;75154;20380;30147;9857;6951;4717;192;625;345;678;569;316;117;75;28;48;66;16;;27;;;;;;
Assen;G0106;10522;Drenthe;P22;37256;31137;113;;31024;6769;13486;4307;2551;1422;45;1684;304;129;102;72;32;;16;93;6;4;;2;;;;;;
Asten;G0743;10478;Noord-Brabant;P30;10936;9223;26;;9197;5762;1760;812;486;273;5;8;5;12;27;9;12;11;1;3;9;1;;1;;;;;;
Avereest;G0143;11190;Overijssel;P23;10650;9239;22;;9217;4287;2636;1160;459;144;55;202;208;25;7;18;9;2;;1;;1;2;1;;;;;;
Axel;G0650;11289;Zeeland;P29;9017;6765;32;;6733;2422;2098;846;337;151;97;653;52;47;4;12;6;;4;2;;2;;;;;;;;
Baarle-Nassau;G0744;10060;Noord-Brabant;P30;4276;3420;14;;3406;2019;681;427;156;68;3;8;14;14;1;6;5;;;1;3;;;;;;;;;
Baarn;G0308;11411;Utrecht;P26;18848;15474;69;;15405;5025;3644;3759;1430;604;185;188;262;118;34;77;21;25;6;11;6;3;;3;1;1;2;;;
Baexem;G0886;11255;Limburg;P31;1832;1547;1;;1546;967;300;144;81;34;;6;2;5;;2;2;2;;1;;;;;;;;;;
Baflo;G0004;10539;Groningen;P20;2125;1886;3;;1883;640;645;227;137;98;5;92;17;1;4;7;1;;;8;1;;;;;;;;;
Bakel en Milheeze;G0745;10749;Noord-Brabant;P30;5590;4425;19;;4406;2987;753;334;181;108;;1;;6;8;5;2;9;;4;4;2;;2;;;;;;
Barendrecht;G0489;10943;Zuid-Holland;P28;14712;12717;42;;12675;4945;2317;2303;1151;351;923;235;211;134;26;27;13;14;;20;2;1;;2;;;;;;
Barneveld;G0203;10906;Gelderland;P25;29153;25539;56;;25483;11869;2807;3218;965;346;4178;511;1380;101;14;41;12;8;6;12;9;3;;3;;;;;;
Barsingerhorn;G0369;10973;Noord-Holland;P27;2944;2319;8;;2311;425;1049;543;148;98;;1;9;14;2;5;4;1;7;;5;;;;;;;;;
Bathmen;G0144;11030;Overijssel;P23;3953;3575;10;;3565;1173;905;1040;330;77;1;8;7;12;;4;3;4;;;1;;;;;;;;;
Bedum;G0005;10425;Groningen;P20;7138;6529;12;;6517;2687;1697;579;380;192;17;820;91;20;2;14;3;;1;12;1;1;;;;;;;;
Beegden;G0887;11089;Limburg;P31;1345;1150;3;;1147;564;359;123;65;29;;2;;2;;2;;;1;;;;;;;;;;;
Beek;G0888;11374;Limburg;P31;12770;10473;39;;10434;5098;3066;1163;653;304;3;11;7;41;25;16;16;18;2;4;2;;;5;;;;;;
Beek en Donk;G0746;10173;Noord-Brabant;P30;6837;5513;16;;5497;2942;1577;381;291;232;5;3;7;14;20;8;2;7;;;7;;;1;;;;;;
Beemster;G0370;10816;Noord-Holland;P27;5932;5152;15;;5137;1726;1270;1455;446;155;5;14;12;16;8;16;4;1;2;1;2;1;2;1;;;;;;
Beers;G0747;11410;Noord-Brabant;P30;2333;2106;3;;2103;1361;400;171;93;48;1;2;;7;3;4;5;5;;3;;;;;;;;;;
Beerta;G0006;11043;Groningen;P20;2379;2060;8;;2052;94;1342;185;44;127;2;4;4;9;8;1;7;;220;3;2;;;;;;;;;
Beesel;G0889;10195;Limburg;P31;9332;6910;30;;6880;3766;1956;541;337;173;4;8;3;37;7;17;11;11;4;;3;1;;1;;;;;;
Beilen;G0107;10520;Drenthe;P22;10734;9589;25;;9564;2949;4066;1396;537;237;28;228;60;17;14;12;3;;4;6;5;1;;1;;;;;;
Belfeld;G0890;10292;Limburg;P31;3854;3007;8;;2999;1632;823;267;178;60;;;1;15;6;7;3;2;;2;1;2;;;;;;;;
Bellingwedde;G0007;10340;Groningen;P20;7480;6441;21;;6420;940;4005;737;290;221;11;34;74;15;7;20;2;;32;23;5;3;;1;;;;;;
Bemmel;G0206;10744;Gelderland;P25;11905;9710;34;;9676;5077;2888;864;547;185;11;13;10;19;8;25;6;;2;3;5;6;7;;;;;;;
Bennebroek;G0372;10734;Noord-Holland;P27;4527;3855;12;;3843;1586;568;1128;341;135;15;18;11;11;3;14;6;1;2;2;;;1;1;;;;;;
Benthuizen;G0490;10398;Zuid-Holland;P28;2443;2132;4;;2128;645;306;399;173;42;451;29;67;3;1;;5;1;;;;;;;;6;;;;
Bergambacht;G0491;10962;Zuid-Holland;P28;6675;5896;11;;5885;1625;1740;1080;371;135;711;61;103;30;5;11;1;5;2;3;1;;;;;1;;;;
Bergen;G0373;11424;Noord-Holland;P27;10830;9301;18;;9283;2938;2191;2447;923;451;6;28;30;49;6;159;19;17;7;1;2;4;4;1;;;;;;
Bergen;G0893;11281;Limburg;P31;9772;7925;35;;7890;4664;2072;578;339;147;2;13;3;25;9;15;4;6;2;5;3;1;;2;;;;;;
Bergen op Zoom;G0748;11037;Noord-Brabant;P30;33829;25169;83;;25086;9565;7694;4008;2102;824;44;66;43;466;86;73;47;;13;10;32;7;;6;;;;;;
Bergeyk;G0749;11160;Noord-Brabant;P30;7457;6368;14;;6354;3888;1259;599;314;179;23;12;16;20;6;11;8;4;2;2;6;2;;3;;;;;;
Bergh;G0207;10350;Gelderland;P25;13639;11145;47;;11098;5625;3631;1027;490;172;13;18;13;31;12;24;7;;1;4;10;8;12;;;;;;;
Berghem;G0750;10733;Noord-Brabant;P30;4223;3500;9;;3491;1521;1273;227;182;55;;4;1;19;191;5;1;2;;;9;;;1;;;;;;
Bergschenhoek;G0492;10445;Zuid-Holland;P28;5642;4831;10;;4821;2278;748;969;348;122;62;127;69;57;1;24;5;6;1;2;1;1;;;;;;;;
Berkel en Rodenrijs;G0493;10139;Zuid-Holland;P28;11351;9991;21;;9970;4822;1295;1767;852;230;54;708;92;61;13;33;13;10;3;7;7;3;;;;;;;;
Berkel-Enschot;G0751;11132;Noord-Brabant;P30;7779;6890;7;;6883;3596;1218;1255;563;182;6;14;2;16;8;8;5;;2;;5;1;;2;;;;;;
Berlicum;G0752;10362;Noord-Brabant;P30;6439;5452;16;;5436;2748;1544;524;389;104;4;7;3;12;78;8;7;1;;1;3;1;;2;;;;;;
Bernisse;G0568;10316;Zuid-Holland;P28;9324;7720;31;;7689;2611;1986;1729;802;206;132;35;59;57;9;21;10;6;3;11;4;6;;2;;;;;;
Best;G0753;10442;Noord-Brabant;P30;16159;13030;36;;12994;6003;3581;1724;1005;329;16;88;36;67;51;36;21;19;3;3;4;5;;3;;;;;;
Beuningen;G0209;10417;Gelderland;P25;16181;12618;57;;12561;5416;3982;1436;1064;416;14;48;10;51;37;38;20;;2;11;8;2;4;2;;;;;;
Beverwijk;G0375;10272;Noord-Holland;P27;27052;21014;73;;20941;7017;7616;2852;1703;1057;43;87;106;163;24;112;34;33;29;10;13;8;33;1;;;;;;
Bierum;G0008;11294;Groningen;P20;3242;2809;4;;2805;1165;954;298;181;83;11;48;31;4;3;4;2;;;17;3;;;1;;;;;;
Binnenmaas;G0585;10222;Zuid-Holland;P28;13998;11954;43;;11911;3771;3260;2570;971;289;676;91;113;88;17;28;12;6;4;7;3;3;;2;;;;;;
Bladel en Netersel;G0754;11006;Noord-Brabant;P30;7379;5841;23;;5818;3336;1236;577;355;214;13;10;6;11;14;14;15;6;;8;3;;;;;;;;;
Blaricum;G0376;10493;Noord-Holland;P27;7831;6709;9;;6700;2147;1278;2193;692;234;17;41;21;32;;21;7;6;4;3;;2;;2;;;;;;
Bleiswijk;G0495;10994;Zuid-Holland;P28;6313;5436;13;;5423;2452;769;1310;415;90;140;68;116;28;1;11;9;6;;2;2;2;;2;;;;;;
Bloemendaal;G0377;10850;Noord-Holland;P27;13746;12055;39;;12016;3931;1765;4437;1218;332;37;77;44;45;7;53;16;12;10;13;5;2;11;1;;;;;;
Boarnsterhim;G0055;10815;Fryslân;P21;13332;11882;33;;11849;2537;5798;1948;921;406;46;47;52;33;11;25;5;;5;11;2;1;;1;;;;;;
Bodegraven;G0497;11091;Zuid-Holland;P28;12872;10698;22;;10676;5000;1858;1740;756;263;489;169;276;58;11;26;11;1;10;5;1;;;2;;;;;;
Boekel;G0755;10432;Noord-Brabant;P30;6431;5407;27;;5380;3386;1149;399;236;135;2;3;7;9;23;12;6;5;;2;5;;;1;;;;;;
Bolsward;G0064;10865;Fryslân;P21;7381;6225;22;;6203;2654;2212;542;429;209;9;62;44;10;3;13;9;;1;3;3;;;;;;;;;
Borculo;G0211;11307;Gelderland;P25;7588;6608;28;;6580;2096;2468;1320;421;167;7;28;22;18;4;9;4;;2;1;2;5;6;;;;;;;
Borger;G0108;10448;Drenthe;P22;9782;8949;34;;8915;2050;4512;1347;518;237;11;107;64;12;7;16;6;;3;23;;;;2;;;;;;
Born;G0897;10927;Limburg;P31;10516;8867;35;;8832;4703;2598;729;444;207;12;8;16;36;19;16;11;7;8;3;3;8;;4;;;;;;
Borne;G0147;10326;Overijssel;P23;15777;13853;12;;13841;6868;3878;1591;942;318;14;57;53;22;34;21;10;8;3;6;7;1;7;1;;;;;;
Borsele;G0654;10043;Zeeland;P29;14882;12370;22;;12348;5350;2699;1417;776;297;1397;141;144;66;6;23;14;;1;8;2;6;;1;;;;;;
Boskoop;G0499;10419;Zuid-Holland;P28;10525;9113;30;;9083;3861;1539;1851;733;412;307;108;164;58;7;23;4;2;2;7;1;4;;;;;;;;
Boxmeer;G0756;11227;Noord-Brabant;P30;10769;9229;24;;9205;4707;2632;846;560;300;8;8;14;21;54;19;10;5;4;;11;1;;5;;;;;;
Boxtel;G0757;10083;Noord-Brabant;P30;18183;14349;40;;14309;5986;4501;1470;1027;466;12;37;15;51;662;46;12;;9;5;;4;;6;;;;;;
Brakel;G0212;11125;Gelderland;P25;4680;4030;14;;4016;1321;1079;286;110;45;974;35;129;18;5;6;1;;1;1;2;;3;;;;;;;
Breda;G0758;10154;Noord-Brabant;P30;94467;68250;158;;68092;22697;22900;10318;6729;3286;159;219;162;880;172;315;107;;35;48;40;10;;15;;;;;;
Brederwiede;G0194;11088;Overijssel;P23;8956;7990;17;;7973;3227;2476;939;408;125;60;597;92;21;2;13;5;1;1;4;2;;;;;;;;;
Breukelen;G0311;10807;Utrecht;P26;10227;8709;26;;8683;3507;1396;1807;810;307;493;87;185;47;10;20;6;6;1;;1;;;;;;;;;
Brielle;G0501;10232;Zuid-Holland;P28;11518;9451;27;;9424;2615;2784;2343;1063;290;57;49;53;80;12;28;13;16;5;7;6;3;;;;;;;;
Broek in Waterland;G0380;10289;Noord-Holland;P27;2099;1830;3;;1827;500;512;459;228;77;3;4;8;21;2;7;4;1;;;1;;;;;;;;;
Broekhuizen;G0898;10856;Limburg;P31;1371;1189;3;;1186;754;208;117;56;38;;2;1;4;1;1;2;;;;1;1;;;;;;;;
Brouwershaven;G0656;10030;Zeeland;P29;2817;2455;7;;2448;565;906;530;184;59;59;83;24;10;4;12;6;;4;1;1;;;;;;;;;
Bruinisse;G0657;11291;Zeeland;P29;2360;2117;5;;2112;634;561;321;89;27;368;25;71;7;3;3;;;;1;1;;;1;;;;;;
Brummen;G0213;10798;Gelderland;P25;15579;13230;43;;13187;3622;5594;2213;1036;384;35;58;66;47;10;72;18;8;4;5;9;6;;;;;;;;
Brunssum;G0899;10533;Limburg;P31;23360;17535;86;;17449;6610;7802;1082;856;419;14;132;42;114;207;31;28;47;36;12;7;6;;4;;;;;;
Budel;G0759;10219;Noord-Brabant;P30;8773;6802;14;;6788;3755;1887;584;317;117;13;8;12;27;19;15;9;7;2;3;5;;;8;;;;;;
Bunnik;G0312;10820;Utrecht;P26;10506;9230;18;;9212;3917;1726;1779;924;489;149;79;44;45;9;23;10;4;5;3;1;;;1;;1;3;;;
Bunschoten;G0313;11343;Utrecht;P26;12186;11047;40;;11007;4902;756;811;315;88;375;3042;644;50;2;9;1;3;2;4;;2;;;;;1;;;
Buren;G0214;11286;Gelderland;P25;7282;6188;14;;6174;1758;2010;1457;458;143;154;27;43;56;18;29;5;;;6;6;1;2;1;;;;;;
Bussum;G0381;10281;Noord-Holland;P27;25336;20327;21;;20306;6399;4665;5355;1948;1007;158;242;168;125;19;94;22;53;19;10;9;6;3;1;;3;;;;
Callantsoog;G0382;10559;Noord-Holland;P27;1949;1642;1;;1641;468;454;499;118;57;3;5;8;4;8;8;3;1;4;;1;;;;;;;;;
Capelle aan den IJssel;G0502;11248;Zuid-Holland;P28;43168;32738;42;;32696;7698;10449;6348;3486;975;1883;750;261;471;133;104;39;23;24;29;10;7;;3;;3;;;;
Castricum;G0383;11287;Noord-Holland;P27;17464;14884;36;;14848;5312;3499;3162;1785;748;14;72;35;56;18;80;25;7;8;10;6;2;8;1;;;;;;
Chaam;G0760;11433;Noord-Brabant;P30;2738;2453;6;;2447;1401;469;334;156;58;;;2;8;2;4;5;;1;1;6;;;;;;;;;
Coevorden;G0109;10383;Drenthe;P22;10959;9482;38;;9444;3493;4139;957;453;177;12;45;93;24;11;17;6;;9;4;2;2;;;;;;;;
Cothen;G0314;11316;Utrecht;P26;1808;1580;1;;1579;944;259;186;98;33;32;3;9;6;2;1;1;1;1;;1;2;;;;;;;;
Cromstrijen;G0611;11346;Zuid-Holland;P28;9007;7566;9;;7557;2112;2574;1413;635;170;464;38;79;34;4;14;5;4;3;4;4;;;;;;;;;
Cuijk en Sint Agatha;G0761;10023;Noord-Brabant;P30;12281;9690;22;;9668;4011;3419;944;752;353;7;9;5;68;45;19;23;1;3;1;3;1;;4;;;;;;
Culemborg;G0216;10342;Gelderland;P25;15199;12152;5;;12147;4053;3899;1952;1016;472;201;58;54;151;219;30;14;;9;5;9;;4;1;;;;;;
Dalen;G0110;11004;Drenthe;P22;4073;3805;10;;3795;936;1547;966;233;77;2;11;9;6;1;3;2;;;;2;;;;;;;;;
Dalfsen;G0148;11007;Overijssel;P23;11174;10071;16;;10055;5790;1613;1028;470;152;52;785;113;13;3;12;8;3;;9;;3;1;;;;;;;
Dantumadeel;G0065;10650;Fryslân;P21;13850;12090;41;;12049;4890;4133;717;512;213;697;363;454;18;3;21;6;;5;6;5;5;;1;;;;;;
De Bilt;G0310;10168;Utrecht;P26;25030;21659;64;;21595;6506;4869;5761;2488;880;262;380;166;127;34;74;23;3;5;4;6;1;;1;1;;4;;;
De Lier;G0552;10241;Zuid-Holland;P28;7172;6180;13;;6167;3943;579;931;352;97;42;124;25;47;4;9;5;4;1;2;1;1;;;;;;;;
De Ronde Venen;G0736;11379;Utrecht;P26;22661;18716;64;;18652;8833;2528;4282;1506;458;369;198;295;109;8;23;14;12;4;3;2;2;;3;1;1;1;;;
De Wijk;G0135;10753;Drenthe;P22;3711;3261;8;;3253;926;1091;848;245;70;4;33;4;13;3;10;;;3;2;1;;;;;;;;;
Delft;G0503;10928;Zuid-Holland;P28;68722;54296;167;;54129;14504;18265;7743;6706;4180;501;523;375;572;179;269;106;63;28;35;45;16;;19;;;;;;
Delfzijl;G0010;10976;Groningen;P20;17733;14137;31;;14106;3178;6863;1765;1039;473;25;274;230;73;57;31;15;;31;41;6;4;;1;;;;;;
Den Dungen;G0768;10491;Noord-Brabant;P30;3238;2785;13;;2772;1510;806;198;148;59;2;3;1;5;22;7;4;3;;;2;1;;1;;;;;;
Den Ham;G0159;10395;Overijssel;P23;10440;9079;25;;9054;4930;2458;452;238;104;77;444;317;8;;11;2;3;2;5;1;;;2;;;;;;
Den Helder;G0400;10285;Noord-Holland;P27;46808;33523;92;;33431;9976;10640;7256;3096;839;168;430;420;280;56;84;42;28;18;28;19;11;33;7;;;;;;
Denekamp;G0149;10245;Overijssel;P23;9204;8365;17;;8348;5874;1409;538;320;130;17;4;11;15;2;8;9;1;;1;3;;6;;;;;;;
Deurne;G0762;10379;Noord-Brabant;P30;21594;17112;51;;17061;9952;3954;1528;871;513;14;27;5;69;59;23;11;12;7;6;6;;;4;;;;;;
Deventer;G0150;10899;Overijssel;P23;49258;40079;128;;39951;9015;18787;4974;3584;2425;86;247;212;226;46;132;56;37;27;15;39;14;28;1;;;;;;
Didam;G0218;10153;Gelderland;P25;12239;10174;37;;10137;5176;3405;742;543;181;2;15;3;18;8;19;13;;3;5;;2;2;;;;;;;
Diemen;G0384;11039;Noord-Holland;P27;13607;10491;43;;10448;2450;3391;2261;1269;572;13;52;27;247;16;45;28;20;15;13;2;5;19;1;;2;;;;
Diepenheim;G0151;10311;Overijssel;P23;2072;1905;0;;1905;562;755;399;122;34;9;3;5;2;1;6;1;3;2;;1;;;;;;;;;
Diepenveen;G0152;10933;Overijssel;P23;8118;7339;14;;7325;3450;1705;1328;554;185;5;35;23;13;1;14;2;4;;2;1;2;1;;;;;;;
Diessen;G0763;11185;Noord-Brabant;P30;2911;2543;9;;2534;1784;347;186;105;86;2;3;4;3;3;4;4;;1;1;1;;;;;;;;;
Diever;G0111;10418;Drenthe;P22;2732;2522;5;;2517;706;1023;490;157;77;1;34;7;7;2;9;;;1;2;1;;;;;;;;;
Dinteloord en Prinsenland;G0764;11193;Noord-Brabant;P30;4220;3517;22;;3495;1259;1137;503;145;78;237;11;68;34;5;5;8;;;3;1;1;;;;;;;;
Dinxperlo;G0219;11154;Gelderland;P25;5789;4685;24;;4661;2641;1260;387;157;84;2;22;61;16;4;13;4;;;;1;3;4;2;;;;;;
Dirksland;G0504;11344;Zuid-Holland;P28;5498;4665;15;;4650;1294;1165;544;211;93;1147;38;117;16;5;12;5;;;;3;;;;;;;;;
Dodewaard;G0220;10647;Gelderland;P25;2929;2537;6;;2531;864;933;277;94;35;257;18;43;3;1;1;3;;;1;1;;;;;;;;;
Doesburg;G0221;10327;Gelderland;P25;7704;6259;20;;6239;1933;2635;755;417;178;14;59;18;34;163;15;8;;2;2;1;3;2;;;;;;;
Doetinchem;G0222;10396;Gelderland;P25;31044;25509;78;;25431;8916;9849;3177;1856;876;200;113;139;99;28;54;30;;4;10;5;51;22;2;;;;;;
Domburg;G0660;10236;Zeeland;P29;3014;3022;8;;3014;1092;630;550;194;91;295;51;70;12;1;20;2;;1;3;1;1;;;;;;;;
Dongen;G0766;11412;Noord-Brabant;P30;15781;12674;4;;12670;5677;3514;1442;1001;337;35;13;14;45;516;27;11;;6;13;13;4;;2;;;;;;
Dongeradeel;G0058;10198;Fryslân;P21;17888;15748;37;;15711;8574;3924;1111;649;374;183;450;339;24;10;37;6;;6;9;12;2;;1;;;;;;
Doorn;G0315;10213;Utrecht;P26;8163;6859;16;;6843;2296;1268;1993;611;205;222;86;86;25;;27;6;6;1;6;2;1;;1;;1;;;;
Dordrecht;G0505;11157;Zuid-Holland;P28;80270;59561;209;;59352;15449;22755;8721;4993;2663;1676;739;756;954;153;235;62;52;42;46;17;13;;26;;;;;;
Drechterland;G0498;10642;Noord-Holland;P27;6143;5237;11;;5226;2691;1011;873;348;204;7;17;21;25;3;11;3;3;;4;;2;3;;;;;;;
Driebergen-Rijsenburg;G0316;10777;Utrecht;P26;13906;11813;20;;11793;4008;2507;2617;1105;473;477;215;155;77;14;109;20;9;2;1;1;1;;1;1;;;;;
Dronten;G0303;10210;Flevoland;P24;16964;14380;43;;14337;5776;3346;2668;988;447;141;506;276;99;8;26;25;;9;13;5;3;;1;;;;;;
Drunen;G0767;10428;Noord-Brabant;P30;12656;10454;37;;10417;5241;2578;1336;738;276;17;21;12;60;71;22;14;14;1;1;5;7;;3;;;;;;
Druten;G0225;10068;Gelderland;P25;10827;8643;20;;8623;3847;3217;770;472;219;10;6;2;31;11;15;7;;2;3;5;3;3;;;;;;;
Duiveland;G0662;11237;Zeeland;P29;3911;3445;9;;3436;868;836;510;152;41;914;31;68;4;;6;2;;2;1;1;;;;;;;;;
Duiven;G0226;11028;Gelderland;P25;10538;8913;33;;8880;4112;2424;1192;761;226;4;40;15;41;12;14;17;;5;7;3;3;3;1;;;;;;
Dussen;G0769;10261;Noord-Brabant;P30;4530;3830;4;;3826;1899;968;451;192;86;112;18;50;25;2;12;2;4;;2;1;1;;1;;;;;;
Dwingeloo;G0112;10331;Drenthe;P22;2918;2829;11;;2818;744;1139;611;190;76;9;19;8;3;4;7;1;;3;3;;1;;;;;;;;
Echt;G0902;10941;Limburg;P31;13463;10493;64;;10429;4972;3733;899;416;277;9;20;6;31;5;19;9;9;4;6;8;5;;1;;;;;;
Echteld;G0227;10832;Gelderland;P25;4784;4222;14;;4208;1111;1596;599;168;50;542;34;77;14;5;8;1;;;;;;3;;;;;;;
Edam-Volendam;G0385;10884;Noord-Holland;P27;17835;15123;39;;15084;8813;2619;2198;821;360;17;49;21;78;6;37;29;13;4;8;3;2;3;3;;;;;;
Ede;G0228;10743;Gelderland;P25;66813;56283;128;;56155;22328;10157;9108;3550;1412;6231;988;1597;305;188;137;46;20;14;50;12;8;;4;;;;;;
Eelde;G0113;10622;Drenthe;P22;8158;7163;26;;7137;1370;2615;1918;893;198;6;30;24;21;10;19;7;;6;18;1;1;;;;;;;;
Eemnes;G0317;10248;Utrecht;P26;5363;4568;8;;4560;1794;893;1062;448;149;74;29;53;15;3;19;9;3;3;3;2;;;;;1;;;;
Eenrum;G0011;10904;Groningen;P20;1816;1622;3;;1619;166;953;249;78;93;1;50;6;4;2;6;2;;;7;;1;;1;;;;;;
Eersel;G0770;10741;Noord-Brabant;P30;8999;7611;11;;7600;4429;1364;878;550;255;14;11;23;17;10;26;8;7;;4;1;2;;1;;;;;;
Egmond;G0357;10421;Noord-Holland;P27;8792;7425;34;;7391;2947;2160;1297;517;319;6;18;19;51;6;24;9;8;3;4;;;2;1;;;;;;
Eibergen;G0229;10436;Gelderland;P25;12262;10798;34;;10764;5882;2884;951;556;318;7;33;19;15;26;21;7;;1;3;4;2;34;1;;;;;;
Eijsden;G0905;10314;Limburg;P31;8493;6917;20;;6897;3484;1979;819;364;194;5;13;6;9;;14;5;1;3;;;;;1;;;;;;
Eindhoven;G0772;11298;Noord-Brabant;P30;147983;108602;222;;108380;41212;34699;13380;9817;5433;203;604;395;737;867;406;223;162;46;75;76;21;;24;;;;;;
Elburg;G0230;11113;Gelderland;P25;14543;12633;32;;12601;5082;1856;1620;477;186;2132;362;798;39;9;13;5;8;2;5;5;1;;1;;;;;;
Elst;G0231;11188;Gelderland;P25;13517;10770;1;;10769;5101;3009;1336;851;294;38;31;18;32;28;16;6;;1;2;1;4;1;;;;;;;
Emmen;G0114;11180;Drenthe;P22;70617;60903;202;;60701;17265;32119;4888;2989;1506;72;605;589;145;253;109;41;;31;39;28;18;;4;;;;;;
Enkhuizen;G0388;10729;Noord-Holland;P27;11799;9829;37;;9792;3044;3552;1409;776;478;167;70;120;49;25;32;21;12;18;7;4;1;7;;;;;;;
Enschede;G0153;10364;Overijssel;P23;108583;85741;55;;85686;23627;37205;10353;6600;3446;207;2334;631;371;276;160;64;23;112;30;27;14;183;23;;;;;;
Epe;G0232;10940;Gelderland;P25;25606;21981;64;;21917;7426;7166;3891;1487;462;736;181;354;88;13;38;22;12;6;10;15;7;;3;;;;;;
Ermelo;G0233;10732;Gelderland;P25;18818;16012;15;;15997;7836;1935;2625;929;460;728;738;507;82;67;43;10;9;2;12;5;4;;5;;;;;;
Erp;G0775;10385;Noord-Brabant;P30;4494;3988;10;;3978;2827;631;265;145;54;;3;4;5;23;2;4;3;1;2;5;1;;3;;;;;;
Esch;G0776;10709;Noord-Brabant;P30;1467;1302;1;;1301;763;290;89;102;40;1;5;1;3;1;3;1;;;;1;1;;;;;;;;
Etten-Leur;G0777;10750;Noord-Brabant;P30;23442;18104;52;;18052;7307;5913;2403;1579;496;12;42;42;128;32;46;27;;5;5;9;5;;1;;;;;;
Ezinge;G0012;10136;Groningen;P20;1330;1215;3;;1212;361;471;165;92;80;3;27;4;4;3;;;;;2;;;;;;;;;;
Ferwerderadeel;G0068;11284;Fryslân;P21;6501;5608;16;;5592;2799;1418;522;307;135;22;297;57;11;1;6;5;;5;6;1;;;;;;;;;
Fijnaart en Heijningen;G0778;10206;Noord-Brabant;P30;4814;3915;8;;3907;1636;1334;504;199;96;36;18;40;22;;7;7;;;2;4;2;;;;;;;;
Finsterwolde;G0013;10212;Groningen;P20;2059;1806;9;;1797;93;1115;136;44;253;1;6;9;3;2;2;;;131;2;;;;;;;;;;
Franekeradeel;G0070;10404;Fryslân;P21;15346;13026;47;;12979;5047;4701;1492;802;391;35;180;187;37;18;26;21;;16;13;7;4;;2;;;;;;
Gaasterlân-Sleat;G0653;10036;Fryslân;P21;6824;6013;24;;5989;3244;1247;623;336;137;148;67;133;21;6;6;10;;5;3;2;;;1;;;;;;
Gasselte;G0115;11099;Drenthe;P22;3256;2924;8;;2916;526;1626;474;162;68;4;15;14;7;2;7;2;;;7;;;;2;;;;;;
Geertruidenberg;G0779;10101;Noord-Brabant;P30;5079;3920;16;;3904;1426;1486;490;300;104;3;8;11;40;14;9;10;;1;1;;1;;;;;;;;
Geffen;G0780;10370;Noord-Brabant;P30;3577;2885;12;;2873;1583;762;211;119;50;;8;1;15;112;1;2;1;2;3;3;;;;;;;;;
Geldermalsen;G0236;10881;Gelderland;P25;16375;14162;57;;14105;4931;4150;2459;818;347;1026;87;99;109;17;31;13;;1;2;2;1;12;;;;;;;
Geldrop;G0781;10529;Noord-Brabant;P30;19624;15386;31;;15355;6787;4186;2059;1359;606;11;37;63;66;52;47;20;28;12;4;6;4;;8;;;;;;
Geleen;G0906;10048;Limburg;P31;26316;19513;42;;19471;8414;7610;1478;956;654;21;41;27;113;48;23;20;34;6;7;6;7;;6;;;;;;
Gemert;G0782;10277;Noord-Brabant;P30;13122;10552;33;;10519;5427;3178;825;576;355;7;19;6;20;58;12;12;10;3;4;4;2;;1;;;;;;
Gendringen;G0237;10260;Gelderland;P25;14925;12447;35;;12412;7016;3495;824;594;267;13;21;31;40;19;41;21;;2;1;10;8;9;;;;;;;
Gendt;G0238;10440;Gelderland;P25;5263;4361;29;;4332;2163;1445;342;248;94;5;1;5;11;2;6;4;;;;3;1;1;1;;;;;;
Genemuiden;G0154;10746;Overijssel;P23;4980;4237;17;;4220;1272;689;238;84;20;1267;77;560;7;;1;1;2;;;1;;1;;;;;;;
Gennep;G0907;10542;Limburg;P31;12267;9282;32;;9250;4494;2624;881;800;333;5;10;9;31;10;24;11;5;2;4;3;3;;1;;;;;;
Giessenlanden;G0689;10255;Zuid-Holland;P28;10406;9304;25;;9279;3221;2484;1716;592;148;495;116;410;39;3;22;18;5;2;2;3;2;;1;;;;;;
Gieten;G0116;10506;Drenthe;P22;4631;4096;23;;4073;680;1969;950;289;117;5;18;13;10;2;4;2;;3;10;1;;;;;;;;;
Gilze en Rijen;G0784;11375;Noord-Brabant;P30;16719;13697;42;;13655;6485;3925;1575;1055;340;10;10;9;112;38;36;20;;6;9;15;5;;5;;;;;;
Goedereede;G0511;10981;Zuid-Holland;P28;7877;7082;27;;7055;2174;1340;851;277;72;2000;69;218;24;9;5;5;;3;3;3;;;2;;;;;;
Goes;G0664;10674;Zeeland;P29;24493;19804;64;;19740;6819;5983;2403;1417;748;1497;310;290;113;44;52;31;;4;17;3;7;;2;;;;;;
Goirle;G0785;10971;Noord-Brabant;P30;13555;10843;24;;10819;4483;3338;1360;1030;443;8;32;20;30;19;27;11;;2;2;8;3;;3;;;;;;
Goor;G0156;10076;Overijssel;P23;9061;7891;16;;7875;2723;3171;1060;584;125;7;43;48;38;23;11;9;3;3;5;6;4;12;;;;;;;
Gorinchem;G0512;10942;Zuid-Holland;P28;20713;16483;70;;16413;4107;7008;2257;1228;638;380;186;254;197;34;54;9;23;11;8;13;3;;3;;;;;;
Gorssel;G0239;10085;Gelderland;P25;10819;9640;18;;9622;3498;2518;2375;799;241;22;55;23;27;2;31;15;4;1;8;2;;;1;;;;;;
Gouda;G0513;10302;Zuid-Holland;P28;45906;37265;105;;37160;10038;12414;5677;3968;1656;1420;532;435;685;70;111;46;43;16;21;13;6;;4;;5;;;;
Graafstroom;G0693;10451;Zuid-Holland;P28;6399;5668;22;;5646;2465;792;593;202;107;1097;88;254;21;5;10;2;3;;5;2;;;;;;;;;
Graft-De Rijp;G0365;11417;Noord-Holland;P27;4150;3627;11;;3616;1234;909;904;334;161;9;4;1;21;;17;5;4;4;5;1;1;2;;;;;;;
Gramsbergen;G0157;11339;Overijssel;P23;4384;4053;9;;4044;1989;1298;318;135;60;9;171;47;6;4;4;1;;1;;;;;1;;;;;;
Grathem;G0909;11008;Limburg;P31;2181;1787;8;;1779;1153;324;169;86;20;1;5;2;9;1;4;4;;;;;;;1;;;;;;
Grave;G0786;10165;Noord-Brabant;P30;7764;6184;9;;6175;2743;1666;832;536;233;11;14;12;28;67;9;5;10;1;1;2;1;;4;;;;;;
Grijpskerk;G0016;10244;Groningen;P20;3085;2760;6;;2754;1404;572;300;151;84;2;191;31;1;1;6;;;1;10;;;;;;;;;;
Groenlo;G0240;11094;Gelderland;P25;6694;5725;4;;5721;3419;1399;403;310;135;4;10;4;5;9;5;4;;2;3;2;2;4;1;;;;;;
Groesbeek;G0241;10616;Gelderland;P25;14365;11411;56;;11355;4723;4651;839;570;373;8;15;20;47;49;21;15;;1;5;11;2;4;1;;;;;;
Groningen;G0014;10426;Groningen;P20;137666;110222;324;;109898;18329;49575;12735;11265;10238;163;4470;548;424;919;438;217;;214;256;60;23;;24;;;;;;
Grootegast;G0015;11080;Groningen;P20;6490;5590;27;;5563;2891;1370;399;176;110;31;397;157;9;1;8;4;;2;6;1;;;1;;;;;;
Grubbenvorst;G0912;10176;Limburg;P31;5082;4197;7;;4190;2595;808;455;217;67;3;14;2;7;3;7;8;2;1;;;;;1;;;;;;
Gulpen;G0913;11032;Limburg;P31;5698;4752;17;;4735;2315;1608;379;222;117;7;13;15;18;12;12;10;3;1;1;;;;2;;;;;;
Haaksbergen;G0158;11435;Overijssel;P23;16932;14779;44;;14735;8155;3475;1723;858;325;10;39;26;38;15;22;9;9;5;;3;3;18;2;;;;;;
Haaren;G0788;11155;Noord-Brabant;P30;3888;3238;7;;3231;2026;546;324;196;104;1;6;1;3;6;7;3;;1;2;2;2;;1;;;;;;
Haarlem;G0392;10357;Noord-Holland;P27;117230;91066;285;;90781;25901;32135;14262;9233;5505;239;600;541;860;128;634;116;133;105;46;43;29;242;20;;9;;;;
Haarlemmerliede en Spaarnwoude;G0393;10508;Noord-Holland;P27;3867;3262;4;;3258;1409;683;616;314;122;14;14;17;30;6;23;2;2;4;;;;2;;;;;;;
Haarlemmermeer;G0394;11387;Noord-Holland;P27;69523;55896;110;;55786;20476;11689;13862;5461;1810;628;515;480;348;50;162;81;36;48;42;23;15;46;12;;2;;;;
Haelen;G0914;10321;Limburg;P31;4569;3751;8;;3743;2138;844;401;214;97;3;10;9;11;;7;4;3;;;1;;;1;;;;;;
Halsteren;G0789;10387;Noord-Brabant;P30;9704;7429;26;;7403;2875;2498;1044;587;209;21;16;15;67;10;19;25;;3;4;8;1;;1;;;;;;
Haps;G0790;11283;Noord-Brabant;P30;1880;1832;7;;1825;1226;376;110;73;27;;;;2;1;5;2;1;1;;1;;;;;;;;;
Hardenberg;G0160;10174;Overijssel;P23;23025;20851;40;;20811;10053;5009;1374;690;291;57;3040;222;24;7;14;15;4;2;2;4;2;1;;;;;;;
Harderwijk;G0243;10786;Gelderland;P25;24776;20618;60;;20558;9380;3588;3256;1259;628;904;564;761;84;31;39;21;11;5;18;8;;;1;;;;;;
Hardinxveld-Giessendam;G0523;10167;Zuid-Holland;P28;12177;10327;15;;10312;3067;2463;1004;508;126;1966;576;494;56;9;22;7;2;4;7;1;;;;;;;;;
Haren;G0017;11058;Groningen;P20;14501;13018;34;;12984;3665;3571;3141;1402;439;27;526;80;29;7;41;13;;1;38;;4;;;;;;;;
Harenkarspel;G0395;10963;Noord-Holland;P27;4687;3879;11;;3868;2124;748;528;239;139;1;23;7;13;4;23;3;8;1;2;1;1;2;1;;;;;;
Harlingen;G0072;10909;Fryslân;P21;11573;9748;24;;9724;2433;4581;1259;663;290;17;293;86;41;16;15;11;;3;5;9;2;;;;;;;;
Harmelen;G0318;10183;Utrecht;P26;5700;4772;17;;4755;2230;740;1047;356;156;106;25;51;21;;13;4;2;;1;;;;2;;;1;;;
Hasselt;G0161;10115;Overijssel;P23;4632;4120;11;;4109;1578;940;324;170;75;212;486;304;3;3;10;1;1;;;;1;1;;;;;;;
Hattem;G0244;10673;Gelderland;P25;8512;7669;15;;7654;2696;2326;818;453;152;78;804;270;14;3;20;4;6;;3;5;1;;1;;;;;;
Havelte;G0117;10186;Drenthe;P22;4594;4088;16;;4072;727;1854;1073;241;109;2;15;16;10;2;16;2;;1;3;1;;;;;;;;;
Hazerswoude;G0524;11257;Zuid-Holland;P28;8242;7062;20;;7042;3441;1078;1157;593;245;212;46;190;33;12;16;9;5;;4;;1;;;;;;;;
Hedel;G0245;10982;Gelderland;P25;2845;2485;5;;2480;1091;583;331;152;50;202;37;11;8;6;7;2;;;;;;;;;;;;;
Heel en Panheel;G0915;11208;Limburg;P31;3217;2202;8;;2194;1139;541;284;152;56;2;1;1;8;1;5;;1;;1;1;1;;;;;;;;
Heemskerk;G0396;10679;Noord-Holland;P27;24805;19726;48;;19678;7647;5858;2783;1835;977;78;114;60;115;24;78;29;24;16;19;4;3;13;;;1;;;;
Heemstede;G0397;11288;Noord-Holland;P27;20623;17706;44;;17662;6337;3040;5565;1742;576;34;99;54;75;3;68;13;11;2;5;4;4;28;1;;1;;;;
Heerde;G0246;10291;Gelderland;P25;13620;12017;23;;11994;4621;3834;1326;505;136;419;345;733;24;4;20;9;1;1;5;3;3;;5;;;;;;
Heerenveen;G0074;10680;Fryslân;P21;28930;24704;86;;24618;5619;12250;3156;1802;937;37;348;207;56;23;76;33;;34;27;6;1;;6;;;;;;
Heerewaarden;G0247;10067;Gelderland;P25;881;784;3;;781;154;405;162;28;19;4;2;;2;1;2;;;;2;;;;;;;;;;
Heerhugowaard;G0398;10752;Noord-Holland;P27;24591;19582;41;;19541;7564;5003;3703;1943;848;17;69;131;62;22;72;36;12;15;17;10;6;9;2;;;;;;
Heerjansdam;G0526;10540;Zuid-Holland;P28;2625;2222;5;;2217;800;614;398;190;60;55;20;40;22;4;3;3;2;;2;3;1;;;;;;;;
Heerlen;G0917;10902;Limburg;P31;72566;52402;186;;52216;18912;21851;3985;2864;1752;70;205;114;458;1340;176;116;192;55;51;33;25;;17;;;;;;
Heesch;G0791;10149;Noord-Brabant;P30;8292;6806;22;;6784;3325;1724;697;444;123;2;1;7;7;433;6;4;3;;1;3;1;;3;;;;;;
Heeswijk-Dinther;G0792;10690;Noord-Brabant;P30;6151;5290;21;;5269;3341;996;382;276;193;2;2;3;9;33;12;8;;;1;3;5;;3;;;;;;
Heeze;G0793;10462;Noord-Brabant;P30;7018;6035;15;;6020;3196;1341;811;453;149;1;9;5;10;9;12;12;7;1;;2;1;;1;;;;;;
Hefshuizen;G0019;10246;Groningen;P20;8018;7083;22;;7061;2607;2517;661;211;159;25;761;48;5;8;8;5;;3;36;2;5;;;;;;;;
Heiloo;G0399;10793;Noord-Holland;P27;15910;13761;46;;13715;5227;2985;3451;1255;482;14;50;61;59;9;73;17;11;7;9;2;2;1;;;;;;;
Heino;G0162;10854;Overijssel;P23;5317;4796;9;;4787;2661;991;528;275;105;8;135;64;7;1;8;1;;;;;2;1;;;;;;;
Helden;G0918;10205;Limburg;P31;13036;10274;20;;10254;6621;1988;797;493;237;4;11;9;25;13;29;13;10;1;1;2;;;;;;;;;
Hellendoorn;G0163;10806;Overijssel;P23;25355;22616;47;;22569;13751;4715;1594;926;412;149;476;433;34;10;15;19;11;1;6;1;7;9;;;;;;;
Hellevoetsluis;G0530;11078;Zuid-Holland;P28;24111;18311;62;;18249;3804;6865;3961;1976;831;122;111;110;260;42;65;30;28;7;12;14;9;;2;;;;;;
Helmond;G0794;10932;Noord-Brabant;P30;49615;36446;87;;36359;14262;13737;3800;2327;1105;31;80;47;232;478;68;42;33;62;23;16;5;;11;;;;;;
Helvoirt;G0795;10389;Noord-Brabant;P30;3450;2994;16;;2978;1569;619;444;229;73;5;8;2;9;8;4;7;;1;;;;;;;;;;;
Hendrik-Ido-Ambacht;G0531;10416;Zuid-Holland;P28;14090;11818;3;;11815;3809;2750;2208;958;217;1379;183;189;64;9;25;9;6;4;2;2;1;;;;;;;;
Hengelo;G0248;10359;Gelderland;P25;6380;5551;20;;5531;3007;1475;638;221;90;22;12;20;12;3;10;5;;;3;4;7;2;;;;;;;
Hengelo;G0164;10907;Overijssel;P23;57027;48474;117;;48357;18124;16523;5414;4026;1962;76;548;452;257;530;118;56;40;27;22;29;17;131;5;;;;;;
Herten;G0919;10138;Limburg;P31;2768;2293;6;;2287;1203;555;282;147;68;4;2;;11;4;1;4;5;;;;;;1;;;;;;
Het Bildt;G0063;10128;Fryslân;P21;7441;6410;29;;6381;2621;2402;624;297;221;16;54;70;20;5;17;12;;8;8;4;1;;1;;;;;;
Heteren;G0251;10290;Gelderland;P25;6303;5337;19;;5318;2452;1424;654;368;119;161;51;39;19;8;14;6;;1;1;;;1;;;;;;;
Heumen;G0252;10600;Gelderland;P25;9952;8451;3;;8448;4175;2039;1101;742;291;3;15;7;15;15;25;12;;;4;1;;2;1;;;;;;
Heusden;G0797;10307;Noord-Brabant;P30;4029;3201;14;;3187;1375;905;400;251;104;48;6;18;38;19;13;4;;;1;3;;;2;;;;;;
Heythuysen;G0920;10840;Limburg;P31;4451;3613;10;;3603;2163;743;362;215;83;6;5;5;5;1;4;3;3;;1;2;1;;1;;;;;;
Hillegom;G0534;11236;Zuid-Holland;P28;14942;12217;26;;12191;5688;2517;2351;933;395;59;54;49;55;14;41;18;8;1;1;1;4;;1;;1;;;;
Hilvarenbeek;G0798;11297;Noord-Brabant;P30;7388;6229;35;;6194;3117;1576;767;455;206;1;12;7;18;6;13;4;;4;1;6;;;1;;;;;;
Hilversum;G0402;11285;Noord-Holland;P27;66745;52927;149;;52778;15498;16386;10621;5000;2302;484;601;442;482;304;287;67;138;43;30;27;19;30;10;;7;;;;
Hoevelaken;G0253;11358;Gelderland;P25;6104;5358;7;;5351;2058;983;1148;452;123;366;130;53;14;1;13;5;3;;1;1;;;;;;;;;
Hoeven;G0799;10065;Noord-Brabant;P30;6260;4916;18;;4898;2248;1395;772;321;75;3;12;13;26;8;13;5;;1;;4;;;2;;;;;;
Holten;G0165;11246;Overijssel;P23;6828;6407;23;;6384;2697;1739;1290;418;80;31;37;44;23;1;7;3;2;;5;1;3;3;;;;;;;
Hontenisse;G0675;11123;Zeeland;P29;5890;4941;11;;4930;2376;1623;548;205;99;5;6;20;14;2;11;11;;1;5;2;2;;;;;;;;
Hooge en Lage Mierde;G0801;10476;Noord-Brabant;P30;2741;2458;2;;2456;1718;384;187;91;50;1;3;1;;7;8;3;1;;;1;1;;;;;;;;
Hooge en Lage Zwaluwe;G0802;11318;Noord-Brabant;P30;4584;3742;10;;3732;1591;1124;577;205;112;23;7;36;27;3;12;5;;;4;4;2;;;;;;;;
Hoogeloon, Hapert en Casteren;G0800;10657;Noord-Brabant;P30;6048;5167;13;;5154;3192;970;536;281;115;2;5;6;15;6;14;3;1;;5;2;;;1;;;;;;
Hoogeveen;G0118;10839;Drenthe;P22;33421;28580;84;;28496;11469;10012;2534;1518;720;296;851;830;98;37;30;28;;21;31;10;6;;5;;;;;;
Hoogezand-Sappemeer;G0018;10410;Groningen;P20;25821;20862;46;;20816;3481;11464;2654;1347;847;26;498;146;88;65;41;29;;34;65;16;7;;8;;;;;;
Hoorn;G0405;11392;Noord-Holland;P27;40386;32271;73;;32198;8511;11189;6270;3292;1832;28;116;172;322;36;188;77;39;53;17;14;13;22;7;;;;;;
Horn;G0922;11176;Limburg;P31;2897;2248;8;;2240;1173;537;320;117;72;2;1;3;6;1;2;2;2;;1;;1;;;;;;;;
Horst;G0923;11108;Limburg;P31;13477;11123;18;;11105;7278;2170;789;473;214;11;20;8;28;74;13;13;5;;3;2;3;;1;;;;;;
Houten;G0321;10230;Utrecht;P26;16984;14586;25;;14561;5751;3047;2389;1477;668;472;317;232;95;44;28;17;7;5;3;2;1;;2;1;1;2;;;
Huijbergen;G0803;10466;Noord-Brabant;P30;1535;1264;3;;1261;649;254;212;93;33;1;4;3;5;2;2;1;;;1;1;;;;;;;;;
Huissen;G0255;11047;Gelderland;P25;11268;9474;31;;9443;4286;2677;1346;762;237;11;23;19;30;10;11;7;;3;6;6;1;7;1;;;;;;
Huizen;G0406;11170;Noord-Holland;P27;29672;24204;23;;24181;8602;4865;5302;2361;872;765;414;676;118;38;69;22;28;20;9;7;4;6;2;;1;;;;
Hulst;G0677;11408;Zeeland;P29;13205;9983;51;;9932;4038;3577;1328;577;237;9;17;28;63;3;32;12;;3;3;1;3;;1;;;;;;
Hummelo en Keppel;G0256;11235;Gelderland;P25;3476;3072;9;;3063;1163;873;694;237;51;10;6;3;9;7;2;5;;;1;1;1;;;;;;;;
Hunsel;G0925;10784;Limburg;P31;4138;3412;11;;3401;2169;685;270;149;79;1;1;;21;9;10;7;;;;;;;;;;;;;
IJsselham;G0195;10858;Overijssel;P23;3886;3583;7;;3576;1557;1073;512;181;84;6;61;66;7;2;13;6;;;3;2;;3;;;;;;;
IJsselmuiden;G0191;10641;Overijssel;P23;8889;8065;20;;8045;3701;1035;448;207;83;1571;242;723;11;3;9;3;1;;7;;1;;;;;;;;
IJsselstein;G0353;10152;Utrecht;P26;14541;11903;30;;11873;4655;2928;2031;1253;396;322;57;79;76;18;23;11;10;4;2;3;;;;1;1;3;;;
Ilpendam;G0407;10809;Noord-Holland;P27;2471;2136;6;;2130;721;516;552;143;100;4;12;14;27;;12;5;1;19;1;2;;;1;;;;;;
Jisp;G0408;10481;Noord-Holland;P27;766;661;1;;660;173;238;143;63;35;;;2;1;;2;2;;;;;;1;;;;;;;
Kampen;G0166;10253;Overijssel;P23;23891;20759;48;;20711;7488;6087;1489;1105;937;1112;1001;1269;115;15;34;15;12;7;11;6;3;3;2;;;;;;
Kantens;G0020;10372;Groningen;P20;1291;1119;2;;1117;246;474;132;42;50;6;134;10;2;2;4;5;;3;6;1;;;;;;;;;
Kapelle;G0678;11223;Zeeland;P29;7633;6494;25;;6469;2617;1512;908;444;140;530;101;121;62;1;19;9;;1;4;;;;;;;;;;
Katwijk;G0537;10707;Zuid-Holland;P28;28453;22338;32;;22306;10596;3444;2128;1046;383;3132;332;1014;111;16;41;11;15;10;17;5;3;;;;2;;;;
Katwoude;G0409;11136;Noord-Holland;P27;174;158;0;;158;67;22;51;11;4;;1;1;;;1;;;;;;;;;;;;;;
Kerkrade;G0928;10313;Limburg;P31;39852;28821;154;;28667;9981;14390;1722;1021;636;25;83;17;144;342;71;57;97;17;18;21;16;;9;;;;;;
Kerkwijk;G0257;10791;Gelderland;P25;4365;3763;13;;3750;1399;661;364;141;54;995;47;65;7;6;7;2;;;;2;;;;;;;;;
Kessel;G0929;10890;Limburg;P31;2940;2492;7;;2485;1558;541;201;125;41;1;7;2;5;;3;;;;;;1;;;;;;;;
Kesteren;G0258;10916;Gelderland;P25;6453;5475;6;;5469;1453;1464;475;196;87;1656;37;67;20;2;4;3;;;1;1;1;;2;;;;;;
Kloosterburen;G0021;10628;Groningen;P20;1296;1123;3;;1120;482;391;113;52;47;2;10;8;4;4;1;;;1;4;;;;1;;;;;;
Klundert;G0804;10656;Noord-Brabant;P30;4894;4068;11;;4057;1960;915;540;230;84;96;53;135;30;1;7;3;;;2;1;;;;;;;;;
Kollumerland en Nieuwkruisland;G0079;10984;Fryslân;P21;8956;7731;30;;7701;4059;2145;516;271;155;143;186;173;18;6;12;7;;2;;5;3;;;;;;;;
Korendijk;G0588;10914;Zuid-Holland;P28;7303;6154;19;;6135;1676;1577;1097;414;138;1030;51;60;48;3;21;7;2;2;3;3;2;;1;;;;;;
Kortgene;G0682;10250;Zeeland;P29;2804;2486;1;;2485;776;850;452;159;62;128;12;25;12;1;7;;;;;;;;1;;;;;;
Koudekerk aan den Rijn;G0540;10029;Zuid-Holland;P28;3345;2854;8;;2846;1252;600;533;236;97;38;13;20;32;7;6;9;2;;;1;;;;;;;;;
Krimpen aan den IJssel;G0542;10859;Zuid-Holland;P28;20470;17095;49;;17046;4305;5037;2977;1476;453;2041;316;158;156;24;45;15;13;5;17;5;3;;;;;;;;
Landgraaf;G0882;11335;Limburg;P31;30396;23426;130;;23296;8109;10743;1787;1232;567;18;50;34;193;290;63;59;73;23;11;20;16;;8;;;;;;
Landsmeer;G0415;11225;Noord-Holland;P27;7068;6061;18;;6043;1105;2212;1418;750;391;12;15;29;56;6;16;9;1;12;3;3;4;1;;;;;;;
Langbroek;G0325;11413;Utrecht;P26;1466;1321;6;;1315;529;253;153;55;40;208;26;40;3;3;3;1;;;;1;;;;;;;;;
Langedijk;G0416;10955;Noord-Holland;P27;11129;9394;21;;9373;4065;1973;1779;753;405;22;88;121;58;8;52;8;14;13;1;5;3;2;3;;;;;;
Laren;G0417;10649;Noord-Holland;P27;9542;7950;3;;7947;2784;1384;2625;690;285;15;44;22;27;;27;11;15;7;3;3;3;1;1;;;;;;
Leek;G0022;10604;Groningen;P20;12903;11084;26;;11058;3199;4148;1502;812;377;35;760;98;35;7;31;10;;9;28;3;1;;3;;;;;;
Leende;G0805;11017;Noord-Brabant;P30;3119;2744;8;;2736;1794;357;347;162;46;5;2;1;4;5;7;2;1;;1;2;;;;;;;;;
Leens;G0023;11050;Groningen;P20;2618;2277;6;;2271;696;801;228;82;115;5;292;20;4;4;4;5;;3;10;;2;;;;;;;;
Leerdam;G0545;10685;Zuid-Holland;P28;13176;11026;45;;10981;3393;3499;1654;644;228;820;211;347;125;12;16;9;8;4;2;6;3;;;;;;;;
Leersum;G0326;11142;Utrecht;P26;5181;4541;12;;4529;1432;992;1176;365;130;262;57;44;34;7;14;3;3;3;2;;4;;;1;;;;;
Leeuwarden;G0080;11228;Fryslân;P21;66832;55790;188;;55602;12803;27087;6085;4634;2776;122;805;532;221;137;184;89;;38;34;35;11;;9;;;;;;
Leeuwarderadeel;G0081;10851;Fryslân;P21;6735;6006;13;;5993;1973;2432;710;489;182;14;81;50;8;20;20;7;;3;1;;2;;1;;;;;;
Leiden;G0546;10702;Zuid-Holland;P28;85164;66705;211;;66494;14697;25276;10700;7651;4585;311;478;254;666;955;349;99;287;63;18;65;18;;15;;7;;;;
Leiderdorp;G0547;10058;Zuid-Holland;P28;16819;14132;37;;14095;4720;3271;3316;1743;481;162;102;64;96;36;55;10;23;2;6;6;2;;;;;;;;
Leidschendam;G0548;10742;Zuid-Holland;P28;25233;20899;70;;20829;8338;4394;4276;2360;684;66;137;79;236;72;69;38;40;1;21;7;2;;7;;2;;;;
Leimuiden;G0549;11351;Zuid-Holland;P28;3513;2947;19;;2928;1606;399;604;162;82;15;10;19;14;2;8;3;1;1;;1;1;;;;;;;;
Lelystad;G0995;11110;Flevoland;P24;38990;29761;88;;29673;5990;11915;5256;3268;1452;141;323;242;579;102;181;83;;51;40;24;18;;8;;;;;;
Lemsterland;G0082;10142;Fryslân;P21;8391;7192;21;;7171;2605;2863;717;405;168;61;43;158;13;3;14;6;;100;7;3;3;;2;;;;;;
Leusden;G0327;10978;Utrecht;P26;19409;16915;48;;16867;6537;3030;3847;1689;563;278;660;118;55;13;34;14;8;4;9;3;1;;1;1;1;1;;;
Lichtenvoorde;G0260;10242;Gelderland;P25;13327;11617;33;;11584;7360;2290;948;541;335;5;19;5;23;5;21;13;;;2;10;1;6;;;;;;;
Liempde;G0806;10390;Noord-Brabant;P30;3177;2752;9;;2743;1664;678;187;135;44;3;4;2;6;10;2;3;;;1;1;3;;;;;;;;
Lienden;G0261;11093;Gelderland;P25;5023;4289;22;;4267;1235;1661;646;172;55;362;30;64;12;6;18;4;;1;;1;;;;;;;;;
Lieshout;G0807;10637;Noord-Brabant;P30;4385;3712;7;;3705;2126;879;348;188;99;1;2;3;15;21;14;4;3;;;1;;;1;;;;;;
Liesveld;G0694;11205;Zuid-Holland;P28;6389;5633;24;;5609;2015;1133;781;253;97;814;199;253;32;2;13;4;;1;4;5;2;;1;;;;;;
Limmen;G0418;11370;Noord-Holland;P27;4065;3524;20;;3504;1830;593;628;285;122;2;6;5;9;1;10;2;2;3;2;1;1;1;1;;;;;;
Lingewaal;G0733;11376;Gelderland;P25;7447;6391;9;;6382;2423;1951;972;345;110;292;81;131;33;8;17;6;;2;1;3;2;5;;;;;;;
Linne;G0932;10990;Limburg;P31;2987;2457;7;;2450;1205;758;286;115;56;2;7;2;11;;;4;1;;2;;1;;;;;;;;
Lisse;G0553;10197;Zuid-Holland;P28;15502;13198;19;;13179;6044;2155;2540;968;396;682;120;122;46;13;37;23;17;5;4;4;2;;1;;;;;;
Lith;G0808;11219;Noord-Brabant;P30;4451;3764;8;;3756;2120;915;327;189;62;1;3;2;10;113;4;2;4;;1;3;;;;;;;;;
Littenseradiel;G0140;10422;Fryslân;P21;7289;6465;7;;6458;2644;1979;926;455;256;13;50;48;14;10;34;15;;2;5;2;3;;2;;;;;;
Lochem;G0262;11263;Gelderland;P25;14023;11966;38;;11928;3800;3972;2481;1024;419;7;45;49;37;13;32;19;13;4;8;1;3;;1;;;;;;
Loenen;G0329;11202;Utrecht;P26;6266;5436;9;;5427;2024;1087;1327;498;163;117;80;60;33;2;17;5;8;1;3;1;;;;1;;;;;
Loon op Zand;G0809;11259;Noord-Brabant;P30;16122;13100;41;;13059;6511;3456;1701;746;330;97;30;7;70;47;32;17;;1;;7;4;;3;;;;;;
Loosdrecht;G0330;10639;Utrecht;P26;6715;5658;12;;5646;2036;930;1852;481;113;80;48;39;35;3;12;3;9;;2;1;;;;;;2;;;
Lopik;G0331;10333;Utrecht;P26;8913;7672;17;;7655;3994;1242;859;363;113;760;67;178;42;8;15;5;;;4;2;1;;1;;1;;;;
Loppersum;G0024;10934;Groningen;P20;2835;2545;6;;2539;920;861;268;140;112;12;171;28;2;3;10;2;;;9;;1;;;;;;;;
Losser;G0168;11166;Overijssel;P23;16822;14367;37;;14330;7757;4256;1038;715;370;11;25;37;34;7;23;6;7;4;3;3;6;25;3;;;;;;
Luyksgestel;G0810;10011;Noord-Brabant;P30;2049;1852;5;;1847;1145;357;169;97;46;8;8;2;5;;7;1;1;;;1;;;;;;;;;
Maarheeze;G0811;11143;Noord-Brabant;P30;6627;5499;13;;5486;3198;1050;768;288;103;8;4;4;20;7;6;12;1;4;3;8;1;;1;;;;;;
Maarn;G0332;10392;Utrecht;P26;4339;3925;2;;3923;1293;697;1183;380;103;157;45;15;27;6;10;;1;;3;3;;;;;;;;;
Maarssen;G0333;10191;Utrecht;P26;27345;22175;85;;22090;7242;5768;4858;2431;796;151;161;275;190;63;56;26;22;7;13;3;4;;10;6;2;6;;;
Maartensdijk;G0334;10691;Utrecht;P26;6898;5962;14;;5948;2082;1049;1254;526;189;573;58;144;35;3;18;5;4;1;2;1;1;;;;2;1;;;
Maasbracht;G0933;10964;Limburg;P31;6342;4782;26;;4756;2476;1331;472;253;98;6;9;37;34;7;7;10;11;;2;1;1;;1;;;;;;
Maasbree;G0934;11352;Limburg;P31;8546;6953;11;;6942;4551;1091;665;370;182;4;13;3;23;6;16;6;6;;1;2;2;;1;;;;;;
Maasdriel;G0263;10341;Gelderland;P25;6420;5355;23;;5332;2897;1373;670;225;75;11;6;8;24;23;9;;;4;;4;;3;;;;;;;
Maasland;G0555;10393;Zuid-Holland;P28;4563;4116;6;;4110;2499;403;650;279;75;50;61;45;30;3;7;3;;;2;2;;;1;;;;;;
Maassluis;G0556;10880;Zuid-Holland;P28;23881;18921;71;;18850;6347;5430;3310;1891;617;204;270;258;309;80;49;23;28;5;13;8;5;;3;;;;;;
Maastricht;G0935;10182;Limburg;P31;92410;66530;223;;66307;23103;28005;5833;4627;3313;38;177;61;406;183;231;116;112;26;24;29;14;;9;;;;;;
Made en Drimmelen;G0812;10258;Noord-Brabant;P30;9239;7578;14;;7564;3398;2507;817;543;146;13;10;11;50;19;15;19;;3;3;5;2;;3;;;;;;
Margraten;G0936;11243;Limburg;P31;10030;8660;24;;8636;4654;2196;863;547;260;5;32;5;16;8;21;12;8;;3;6;;;;;;;;;
Mariekerke;G0686;11221;Zeeland;P29;2449;2278;3;;2275;881;163;179;73;46;821;41;65;2;;2;;;;1;;;;1;;;;;;
Markelo;G0169;11382;Overijssel;P23;5441;4882;12;;4870;1680;1511;1242;267;76;20;11;26;16;4;4;4;2;1;2;2;1;;1;;;;;;
Marken;G0419;10901;Noord-Holland;P27;1604;1450;5;;1445;878;240;142;106;30;2;13;15;9;;5;;;2;1;1;;1;;;;;;;
Marum;G0025;11431;Groningen;P20;6396;5499;12;;5487;1693;2176;844;302;147;23;170;81;9;8;8;10;;;11;4;1;;;;;;;;
Maurik;G0264;10300;Gelderland;P25;4414;3799;10;;3789;1203;1601;637;155;67;47;20;13;24;1;5;6;;1;3;4;1;;1;;;;;;
Medemblik;G0420;11215;Noord-Holland;P27;4981;3920;17;;3903;1514;1203;634;294;118;11;18;38;26;4;14;6;3;11;3;;1;2;3;;;;;;
Meeden;G0026;10304;Groningen;P20;1365;1240;8;;1232;238;698;95;71;64;2;26;14;6;3;2;;;1;9;;1;;2;;;;;;
Meerlo-Wanssum;G0993;11416;Limburg;P31;5216;4290;12;;4278;2787;818;315;227;97;;6;;6;1;11;6;1;;3;;;;;;;;;;
Meerssen;G0938;10494;Limburg;P31;16096;13045;32;;13013;6322;3825;1474;803;388;10;26;3;60;22;33;26;11;2;5;1;;;2;;;;;;
Megen, Haren en Macharen;G0813;10988;Noord-Brabant;P30;2209;1927;5;;1922;1126;419;131;82;47;3;;;5;93;6;1;;2;1;1;5;;;;;;;;
Meijel;G0941;10925;Limburg;P31;4019;3204;8;;3196;2128;649;226;118;58;;;3;5;;3;1;3;;1;;1;;;;;;;;
Melick en Herkenbosch;G0939;10196;Limburg;P31;5739;4690;14;;4676;2340;1279;602;297;110;3;4;4;12;;5;12;;3;2;1;2;;;;;;;;
Menaldumadeel;G0083;11144;Fryslân;P21;9712;8596;33;;8563;3003;3295;1196;591;266;12;93;57;6;8;17;2;;3;7;3;4;;;;;;;;
Meppel;G0119;11204;Drenthe;P22;17739;14927;58;;14869;3960;6376;2115;1123;478;37;440;184;41;19;55;13;;4;12;7;4;;1;;;;;;
Middelburg;G0687;10122;Zeeland;P29;29453;23691;81;;23610;7098;7296;2877;2316;1206;1517;448;469;142;43;97;46;;18;20;11;6;;;;;;;;
Middelharnis;G0559;11067;Zuid-Holland;P28;11883;9576;20;;9556;2505;2792;1188;499;182;1880;121;324;37;5;8;6;2;1;1;2;1;;2;;;;;;
Middelstum;G0027;11199;Groningen;P20;2069;1864;6;;1858;777;589;120;81;60;5;135;68;;;6;2;;1;11;2;1;;;;;;;;
Middenschouwen;G0688;10837;Zeeland;P29;1925;1642;5;;1637;605;394;310;77;22;136;35;50;3;;2;;;;;1;1;;1;;;;;;
Midwolda;G0028;10356;Groningen;P20;3042;2721;9;;2712;938;1267;164;86;75;3;38;90;4;1;3;3;;27;10;1;1;;1;;;;;;
Mierlo;G0814;10215;Noord-Brabant;P30;7300;6239;17;;6222;3116;1451;885;497;186;7;2;2;15;29;10;7;5;1;;3;4;;2;;;;;;
Mill en Sint Hubert;G0815;10535;Noord-Brabant;P30;7908;6760;15;;6745;4026;1705;532;243;137;4;4;2;8;31;35;11;1;;1;2;2;;1;;;;;;
Millingen aan de Rijn;G0265;10072;Gelderland;P25;4008;3256;8;;3248;1234;1489;229;194;77;;1;8;4;;8;1;;;;2;;;1;;;;;;
Moergestel;G0816;11191;Noord-Brabant;P30;4477;3839;15;;3824;2241;788;462;198;97;;1;2;13;9;7;4;;;1;1;;;;;;;;;
Moerkapelle;G0560;11383;Zuid-Holland;P28;2295;2071;11;;2060;609;312;293;114;36;553;20;97;9;2;8;;1;;3;2;1;;;;;;;;
Monnickendam;G0423;10983;Noord-Holland;P27;7450;6161;20;;6141;1863;1733;1325;748;297;5;33;22;54;7;19;9;5;11;5;2;1;1;1;;;;;;
Monster;G0562;10019;Zuid-Holland;P28;14595;11759;37;;11722;6290;1867;1627;667;224;494;204;111;147;11;30;20;11;2;6;9;1;;1;;;;;;
Montfoort;G0335;10033;Utrecht;P26;8712;7492;18;;7474;3632;1176;1258;549;224;428;55;70;43;7;10;13;3;;2;3;1;;;;;;;;
Montfort;G0943;10266;Limburg;P31;2387;1893;12;;1881;1063;506;192;74;31;;2;2;6;1;1;2;;;1;;;;;;;;;;
Mook en Middelaar;G0944;10271;Limburg;P31;5374;4505;14;;4491;1924;1131;737;448;179;5;12;3;12;17;11;4;6;1;1;;;;;;;;;;
Moordrecht;G0563;10120;Zuid-Holland;P28;5113;4025;21;;4004;1251;1161;692;411;115;215;35;46;51;8;10;4;;2;;2;;;;;1;;;;
Muiden;G0424;10958;Noord-Holland;P27;5109;4401;10;;4391;1341;1106;1060;593;161;25;30;10;26;4;26;3;1;2;2;;;1;;;;;;;
Muntendam;G0029;10550;Groningen;P20;3738;3244;17;;3227;340;2250;239;139;138;7;31;29;4;17;7;5;;6;10;5;;;;;;;;;
Naaldwijk;G0565;11418;Zuid-Holland;P28;20143;17099;53;;17046;10152;2305;2636;953;284;184;126;148;145;12;53;14;7;2;6;11;2;;6;;;;;;
Naarden;G0425;10187;Noord-Holland;P27;12633;10563;7;;10556;3078;1953;3693;1144;310;82;90;53;64;6;37;9;25;5;1;2;2;2;;;;;;;
Nederhorst den Berg;G0426;10715;Noord-Holland;P27;3850;3309;7;;3302;1320;737;741;249;128;17;28;11;24;25;17;;2;1;;;;1;1;;;;;;
Nederlek;G0643;10050;Zuid-Holland;P28;10945;9313;31;;9282;2238;3232;1767;834;235;684;74;77;73;15;21;7;8;1;6;5;3;;1;;1;;;;
Nederweert;G0946;10681;Limburg;P31;11540;9327;37;;9290;5640;2418;703;321;132;2;9;5;26;8;10;11;3;1;;;1;;;;;;;;
Neede;G0266;10367;Gelderland;P25;8443;7428;26;;7402;2811;2903;941;383;143;12;102;45;22;3;8;7;;3;1;3;2;11;2;;;;;;
Neer;G0947;10682;Limburg;P31;2628;2038;7;;2031;1221;460;163;71;94;1;4;1;8;1;3;2;;1;;1;;;;;;;;;
Neerijnen;G0304;10125;Gelderland;P25;7799;6720;33;;6687;2177;2196;1020;311;125;689;54;42;45;2;12;3;;1;1;3;;5;1;;;;;;
Niedorp;G0412;10923;Noord-Holland;P27;5888;4856;20;;4836;1789;1533;821;383;235;3;6;4;10;10;25;2;3;7;1;;2;2;;;;;;;
Nieuwe Pekela;G0030;10950;Groningen;P20;3814;3233;13;;3220;838;1642;302;116;144;23;32;72;8;2;5;3;;17;13;1;1;;1;;;;;;
Nieuwegein;G0356;10374;Utrecht;P26;41634;32417;22;;32395;10762;9422;5898;3566;1317;260;308;187;335;148;73;42;28;13;10;2;3;;9;1;6;5;;;
Nieuwerkerk aan den IJssel;G0567;10855;Zuid-Holland;P28;13304;11148;24;;11124;3396;2736;2564;1145;278;494;188;135;103;16;28;14;10;3;5;2;6;;1;;;;;;
Nieuweschans;G0031;10008;Groningen;P20;1315;1142;4;;1138;84;828;85;37;56;1;;2;6;;2;;;33;1;1;2;;;;;;;;
Nieuw-Ginneken;G0817;10406;Noord-Brabant;P30;9063;7719;21;;7698;3796;1591;1422;604;155;3;15;11;46;8;22;9;;2;4;7;2;;1;;;;;;
Nieuwkoop;G0569;10728;Zuid-Holland;P28;7813;6442;35;;6407;2983;1112;1241;518;189;131;27;129;22;5;27;11;4;5;2;1;;;;;;;;;
Nieuw-Lekkerland;G0571;10547;Zuid-Holland;P28;5905;5118;12;;5106;1251;1551;371;303;71;1193;145;154;30;11;14;3;1;4;3;;;;1;;;;;;
Nieuwleusen;G0170;10384;Overijssel;P23;5996;5187;13;;5174;2469;1180;604;238;56;175;334;83;13;2;7;6;2;;2;2;;;1;;;;;;
Nieuwolda;G0032;10126;Groningen;P20;1227;1091;6;;1085;226;590;151;37;40;;14;8;3;1;8;;;4;3;;;;;;;;;;
Nieuwveen;G0573;10487;Zuid-Holland;P28;2715;2072;3;;2069;1229;228;309;138;65;43;9;25;9;6;6;;;1;;;;;;;1;;;;
Nieuw-Vossemeer;G0818;10401;Noord-Brabant;P30;1761;1469;8;;1461;597;606;138;71;24;;3;1;10;1;6;3;;;;1;;;;;;;;;
Nijefurd;G0104;10768;Fryslân;P21;7732;6823;25;;6798;3452;1787;647;374;288;16;79;104;11;7;14;8;;;5;2;4;;;;;;;;
Nijeveen;G0121;10774;Drenthe;P22;2113;1932;5;;1927;912;479;297;144;18;6;39;22;1;1;4;;;2;1;;;;1;;;;;;
Nijkerk;G0267;10446;Gelderland;P25;18221;15589;46;;15543;7357;3034;1734;921;235;1048;458;598;86;5;32;9;7;3;3;5;5;;3;;;;;;
Nijmegen;G0268;11209;Gelderland;P25;114090;88500;286;;88214;24636;35687;6763;8543;9498;63;269;125;576;1208;432;176;;24;26;105;18;48;17;;;;;;
Nistelrode;G0819;10094;Noord-Brabant;P30;5092;4232;16;;4216;2611;1010;261;169;59;1;3;1;5;85;8;;;;;1;;;2;;;;;;
Noorder-Koggenland;G0529;10924;Noord-Holland;P27;6835;5866;21;;5845;1842;1557;1427;461;243;83;42;76;39;9;27;9;6;8;4;1;6;5;;;;;;;
Noordoostpolder;G0171;10144;Flevoland;P24;27162;23647;60;;23587;10374;5912;3213;1549;584;435;765;534;97;13;37;19;;5;27;5;7;;11;;;;;;
Noordwijk;G0575;10769;Zuid-Holland;P28;18580;14900;35;;14865;6084;3162;3409;1050;668;88;93;114;77;21;37;21;24;3;6;5;2;;1;;;;;;
Noordwijkerhout;G0576;11134;Zuid-Holland;P28;11095;9242;35;;9207;4691;1449;1941;648;316;10;28;12;37;10;28;16;5;3;3;7;3;;;;;;;;
Nootdorp;G0577;10601;Zuid-Holland;P28;4918;4082;13;;4069;2286;506;748;293;110;19;22;16;37;2;17;2;5;;3;2;1;;;;;;;;
Norg;G0120;10608;Drenthe;P22;5092;4341;13;;4328;827;1641;1143;404;153;6;53;26;26;1;11;5;;2;28;;2;;;;;;;;
Nuenen, Gerwen en Nederwetten;G0820;10761;Noord-Brabant;P30;15030;12808;19;;12789;5943;2598;2139;1411;491;20;54;14;40;31;22;15;7;;;2;;;2;;;;;;
Nuland;G0821;10118;Noord-Brabant;P30;3372;2771;11;;2760;1718;585;180;160;42;1;1;;12;49;5;2;1;;1;2;1;;;;;;;;
Nunspeet;G0302;10512;Gelderland;P25;17723;15976;25;;15951;6370;2094;1999;633;193;3070;275;1198;52;9;18;10;12;4;8;4;2;;;;;;;;
Nuth;G0951;10104;Limburg;P31;13145;11307;46;;11261;5709;3519;896;596;344;5;29;9;43;35;21;27;7;4;4;1;9;;3;;;;;;
Obdam;G0429;11338;Noord-Holland;P27;4213;3679;11;;3668;2055;585;552;282;147;2;3;6;10;3;9;5;1;2;3;;1;2;;;;;;;
Odoorn;G0122;11320;Drenthe;P22;9525;8366;41;;8325;1789;4272;1344;461;170;10;108;96;23;8;11;7;;12;13;;1;;;;;;;;
Oeffelt;G0822;10360;Noord-Brabant;P30;1678;1451;5;;1446;821;375;118;82;36;;3;2;1;3;5;;;;;;;;;;;;;;
Oegstgeest;G0579;10287;Zuid-Holland;P28;13675;11705;31;;11674;3753;2239;3223;1470;485;59;191;62;47;20;69;15;29;5;3;;1;;3;;;;;;
Ohé en Laak;G0953;10420;Limburg;P31;658;562;4;;558;355;100;69;17;9;2;;2;;;1;1;1;;;1;;;;;;;;;
Oirschot;G0823;10225;Noord-Brabant;P30;8601;7240;17;;7223;4228;1638;698;417;149;1;7;3;16;29;19;4;4;;3;2;1;;4;;;;;;
Oisterwijk;G0824;10103;Noord-Brabant;P30;13799;11493;37;;11456;4937;3250;1804;845;405;7;32;17;73;25;39;9;;2;5;4;1;;1;;;;;;
Oldebroek;G0269;11106;Gelderland;P25;15132;13070;50;;13020;4887;2685;920;397;124;1963;412;1550;35;2;10;6;3;7;10;5;1;;3;;;;;;
Oldehove;G0035;10298;Groningen;P20;1715;1546;3;;1543;540;361;201;81;40;6;257;40;1;3;3;1;;3;5;1;;;;;;;;;
Oldekerk;G0036;11332;Groningen;P20;1775;1561;0;;1561;737;392;209;78;28;12;78;17;1;;3;1;;;5;;;;;;;;;;
Oldenzaal;G0173;11100;Overijssel;P23;21828;19184;55;;19129;9678;5395;1845;1369;505;7;48;29;90;44;47;14;15;3;5;7;7;21;;;;;;;
Olst;G0174;10409;Overijssel;P23;6886;6059;10;;6049;2306;2147;998;342;142;36;18;11;14;4;16;2;;3;3;5;;1;1;;;;;;
Ommen;G0175;11069;Overijssel;P23;13049;12083;27;;12056;6547;2057;1209;593;198;76;1136;168;24;2;17;6;8;;7;6;2;;;;;;;;
Onderbanken;G0881;10492;Limburg;P31;6237;5166;28;;5138;2493;1825;298;231;138;10;12;11;35;23;26;8;13;3;5;4;3;;;;;;;;
Oost-, West- en Middelbeers;G0825;10220;Noord-Brabant;P30;3601;3110;12;;3098;1997;554;283;157;88;2;1;;5;2;5;1;1;;;1;1;;;;;;;;
Oostburg;G0692;10782;Zeeland;P29;13967;11288;35;;11253;3725;4054;2209;571;237;165;91;82;37;2;32;16;;9;12;5;4;;2;;;;;;
Oosterbroek;G0033;11282;Groningen;P20;3788;3394;5;;3389;443;2016;447;181;146;2;90;11;14;5;9;2;;10;11;1;;;1;;;;;;
Oosterhesselen;G0123;10490;Drenthe;P22;3650;3342;14;;3328;976;1344;549;181;81;11;87;67;10;7;6;1;;2;3;;;;3;;;;;;
Oosterhout;G0826;11280;Noord-Brabant;P30;35694;28032;73;;27959;10121;9672;4323;2481;633;32;64;69;205;58;198;42;;11;13;17;12;;8;;;;;;
Oostflakkee;G0580;10714;Zuid-Holland;P28;7131;6097;13;;6084;1998;2131;627;284;104;694;55;109;42;5;15;7;2;2;2;3;3;;1;;;;;;
Ooststellingwerf;G0085;10836;Fryslân;P21;18690;16135;58;;16077;4318;7415;2138;890;634;69;325;126;40;8;65;11;;8;17;8;5;;;;;;;;
Oostzaan;G0431;11303;Noord-Holland;P27;5785;4846;22;;4824;892;1805;1012;477;448;27;9;47;54;4;18;10;1;11;1;2;4;2;;;;;;;
Ootmarsum;G0176;11079;Overijssel;P23;3227;3092;6;;3086;2066;488;293;148;56;3;5;3;4;3;5;2;6;;1;1;;2;;;;;;;
Oploo, Sint Anthonis en Ledeacker;G0827;11415;Noord-Brabant;P30;5526;4872;15;;4857;3102;954;349;201;193;;6;2;6;10;17;5;1;1;2;6;1;;1;;;;;;
Opmeer;G0432;10609;Noord-Holland;P27;7267;6302;13;;6289;3289;1231;1043;416;216;10;14;17;18;;18;8;3;;2;1;;3;;;;;;;
Opsterland;G0086;10005;Fryslân;P21;19521;17203;64;;17139;4305;7811;2084;959;715;75;789;237;30;10;46;11;;52;10;2;3;;;;;;;;
Oss;G0828;10834;Noord-Brabant;P30;37166;28912;68;;28844;10858;8538;3205;2019;745;22;55;50;152;3029;44;41;31;6;14;27;3;;5;;;;;;
Ossendrecht;G0829;10929;Noord-Brabant;P30;3789;2783;18;;2765;1183;867;381;203;67;5;6;3;25;2;13;3;;;7;;;;;;;;;;
Oud- en Nieuw-Gastel;G0831;11363;Noord-Brabant;P30;6171;4620;18;;4602;2182;1533;499;204;101;3;1;3;46;7;8;8;;;;3;2;;2;;;;;;
Oud-Beijerland;G0584;11301;Zuid-Holland;P28;14688;12270;41;;12229;3612;3088;2220;1214;326;1211;133;235;105;10;37;9;14;1;5;4;4;;1;;;;;;
Oude Pekela;G0038;10848;Groningen;P20;6259;5421;16;;5405;683;3553;286;169;530;25;32;33;13;15;8;1;;47;2;6;1;;1;;;;;;
Oudenbosch;G0830;10397;Noord-Brabant;P30;9019;6942;35;;6907;2962;2269;886;468;162;11;21;5;69;6;19;14;;4;3;4;4;;;;;;;;
Ouder-Amstel;G0437;10998;Noord-Holland;P27;9259;7741;24;;7717;2747;1670;1809;892;283;72;28;30;105;5;32;10;8;8;9;2;1;3;1;;2;;;;
Ouderkerk;G0644;10095;Zuid-Holland;P28;5986;5153;12;;5141;1543;1254;852;328;88;838;74;109;32;3;13;2;1;1;;2;1;;;;;;;;
Oudewater;G0589;10188;Utrecht;P26;6985;6075;23;;6052;3329;911;862;360;142;248;62;71;40;1;10;2;5;1;5;2;;;;;;1;;;
Papendrecht;G0590;10427;Zuid-Holland;P28;20366;16875;44;;16831;4993;5237;2909;1604;502;720;181;463;120;29;33;12;2;6;11;7;2;;;;;;;;
Peize;G0124;10501;Drenthe;P22;3801;3303;17;;3286;419;1588;691;392;127;7;8;12;21;3;5;4;;2;6;;1;;;;;;;;
Pijnacker;G0594;10031;Zuid-Holland;P28;12599;11064;25;;11039;5457;1638;2002;1044;294;258;126;56;96;5;28;15;10;3;4;2;1;;;;;;;;
Posterholt;G0956;10456;Limburg;P31;3279;2488;10;;2478;1132;899;214;109;73;6;7;3;12;2;5;4;7;2;;;3;;;;;;;;
Prinsenbeek;G0832;11354;Noord-Brabant;P30;7839;6501;14;;6487;3130;1476;1151;511;103;5;13;14;40;3;16;14;;4;3;4;;;;;;;;;
Purmerend;G0439;11066;Noord-Holland;P27;42656;32897;126;;32771;6787;12273;7102;3771;1591;32;77;160;493;81;136;83;41;76;19;15;8;17;9;;;;;;
Putte;G0833;10099;Noord-Brabant;P30;2463;1708;9;;1699;601;507;368;131;37;1;2;4;20;1;12;9;;3;2;1;;;;;;;;;
Putten;G0273;11109;Gelderland;P25;15228;13473;21;;13452;6448;1969;1930;488;196;1297;291;749;34;4;18;12;5;1;4;4;2;;;;;;;;
Raalte;G0177;10279;Overijssel;P23;19735;17495;26;;17469;11569;3134;1355;874;336;13;43;46;19;16;24;17;5;;4;6;;6;2;;;;;;
Raamsdonk;G0834;11391;Noord-Brabant;P30;10138;8086;29;;8057;3188;2829;1135;496;194;52;11;43;51;15;17;7;;3;10;3;2;;1;;;;;;
Ravenstein;G0835;10805;Noord-Brabant;P30;5957;5137;19;;5118;2622;1551;371;290;136;3;10;1;8;101;9;5;2;;3;6;;;;;;;;;
Reeuwijk;G0595;10485;Zuid-Holland;P28;9298;8019;14;;8005;3372;1259;1760;592;152;504;73;178;67;5;21;14;1;2;4;1;;;;;;;;;
Reimerswaal;G0703;10077;Zeeland;P29;13863;11678;32;;11646;3606;2565;1299;535;201;2980;140;188;82;7;21;8;;1;5;2;5;;1;;;;;;
Renkum;G0274;11325;Gelderland;P25;26764;22660;61;;22599;7713;6557;4695;1971;796;211;182;181;84;44;75;26;14;3;30;11;4;;2;;;;;;
Renswoude;G0339;10269;Utrecht;P26;2740;2306;0;;2306;1249;284;315;84;18;240;27;73;7;1;3;1;2;;1;;;;;;;1;;;
Reusel;G0836;10162;Noord-Brabant;P30;5556;4526;11;;4515;2917;920;390;179;70;2;5;1;11;1;8;5;;;2;2;1;;1;;;;;;
Rheden;G0275;11355;Gelderland;P25;36594;31011;113;;30898;9612;11843;5056;2457;984;96;265;212;139;52;78;36;16;7;13;18;8;;6;;;;;;
Rhenen;G0340;10309;Utrecht;P26;12460;10475;31;;10444;3269;3042;1539;639;252;1291;107;206;64;3;13;10;2;1;3;2;1;;;;;;;;
Ridderkerk;G0597;10646;Zuid-Holland;P28;35083;28554;83;;28471;8297;9498;3519;2380;646;2721;474;389;291;46;76;53;17;16;23;8;14;;3;;;;;;
Riethoven;G0837;10455;Noord-Brabant;P30;1726;1519;7;;1512;942;202;216;105;24;1;5;3;1;3;3;3;1;;1;2;;;;;;;;;
Rijnsaterwoude;G0601;11129;Zuid-Holland;P28;975;859;4;;855;381;144;172;65;26;48;2;7;2;;2;3;;1;;;1;;1;;;;;;
Rijnsburg;G0602;11118;Zuid-Holland;P28;9345;7909;20;;7889;4875;845;831;303;105;190;417;263;33;3;10;9;1;;1;1;1;;;;1;;;;
Rijnwaarden;G0196;10819;Gelderland;P25;7578;5967;25;;5942;2686;2321;389;344;120;3;8;3;18;5;18;8;;4;3;4;2;6;;;;;;;
Rijsbergen;G0841;10866;Noord-Brabant;P30;4296;3360;22;;3338;1832;763;430;204;64;3;8;6;10;4;8;3;;;;3;;;;;;;;;
Rijssen;G0178;10358;Overijssel;P23;16191;14860;62;;14798;5035;2205;628;366;112;5134;159;1086;41;3;8;4;1;2;5;1;2;5;1;;;;;;
Rijswijk;G0603;11133;Zuid-Holland;P28;38970;31043;121;;30922;10032;7654;7078;3603;1065;180;245;164;573;57;96;40;61;4;37;15;10;;8;;;;;;
Roden;G0125;10699;Drenthe;P22;13936;12252;31;;12221;2904;5188;2158;1058;393;12;312;101;23;7;28;12;;5;15;3;;;2;;;;;;
Roermond;G0957;11313;Limburg;P31;28181;19463;73;;19390;7541;6470;3066;1104;718;10;74;43;168;40;71;25;34;6;5;5;4;;6;;;;;;
Roggel;G0958;10505;Limburg;P31;3277;2679;7;;2672;1701;504;249;111;88;3;2;1;6;2;1;2;2;;;;;;;;;;;;
Rolde;G0126;10470;Drenthe;P22;4737;4123;20;;4103;639;1610;1281;342;150;5;39;4;10;1;10;1;;1;9;1;;;;;;;;;
Roosendaal en Nispen;G0838;10407;Noord-Brabant;P30;44420;32586;101;;32485;13941;9390;4418;2457;1087;33;105;92;596;131;98;61;;12;16;34;6;;8;;;;;;
Rosmalen;G0839;10970;Noord-Brabant;P30;19784;15943;35;;15908;6920;3988;2353;1414;452;13;42;15;65;533;43;26;18;1;2;12;6;;5;;;;;;
Rossum;G0276;10860;Gelderland;P25;2319;2026;5;;2021;817;707;271;124;61;12;6;2;3;7;8;;;;1;2;;;;;;;;;
Rotterdam;G0599;10345;Zuid-Holland;P28;425941;301584;1935;;299649;61454;135966;36330;25921;15299;4163;2589;1866;10279;1463;1555;589;825;438;258;255;113;;133;94;59;;;;
Rozenburg;G0600;11314;Zuid-Holland;P28;10367;7759;29;;7730;2329;2504;1362;809;276;74;164;57;82;24;11;13;7;6;9;1;2;;;;;;;;
Rozendaal;G0277;10684;Gelderland;P25;1023;944;3;;941;334;127;307;118;31;1;7;5;2;;3;1;;;5;;;;;;;;;;
Rucphen;G0840;11152;Noord-Brabant;P30;16892;12215;44;;12171;4483;5839;1093;387;163;6;13;10;88;4;38;22;;1;5;16;1;;2;;;;;;
Ruinen;G0127;10629;Drenthe;P22;5285;4897;18;;4879;1285;1774;1306;269;114;12;40;37;23;2;8;2;;1;6;;;;;;;;;;
Ruinerwold;G0128;10944;Drenthe;P22;2666;2352;9;;2343;775;683;577;161;56;6;46;22;2;;6;3;;;5;;;;1;;;;;;
Ruurlo;G0278;10879;Gelderland;P25;5745;4864;26;;4838;1773;1471;1239;206;64;9;11;15;7;5;16;3;;2;3;3;1;10;;;;;;;
Sas van Gent;G0704;11405;Zeeland;P29;6167;4583;22;;4561;1743;1671;662;259;124;30;16;12;21;3;6;8;;2;1;1;1;;1;;;;;;
Sassenheim;G0604;10612;Zuid-Holland;P28;10613;9184;24;;9160;4456;1568;1842;753;251;57;54;49;48;29;20;19;6;1;4;1;;;;;2;;;;
Schagen;G0441;10511;Noord-Holland;P27;12357;9722;23;;9699;2703;2938;2296;1078;420;18;45;31;67;16;36;16;6;16;2;4;1;3;3;;;;;;
Schaijk;G0843;10276;Noord-Brabant;P30;5730;4815;14;;4801;2729;1105;447;253;138;3;9;1;4;97;5;4;2;;1;1;2;;;;;;;;
Scheemda;G0039;10711;Groningen;P20;5980;5305;16;;5289;1161;2884;541;269;180;8;69;78;21;7;6;6;;40;12;5;2;;;;;;;;
Schermer;G0458;10308;Noord-Holland;P27;3130;2704;5;;2699;1031;726;564;210;107;4;8;7;12;3;14;7;2;;2;;1;1;;;;;;;
Scherpenzeel;G0279;11146;Gelderland;P25;6108;5392;18;;5374;2226;955;862;254;80;688;53;209;30;2;7;;4;1;2;1;;;;;;;;;
Schiedam;G0606;11260;Zuid-Holland;P28;52997;40247;130;;40117;10364;16966;4625;3680;1940;308;217;277;1024;378;114;53;47;45;28;28;10;;13;;;;;;
Schiermonnikoog;G0088;10355;Fryslân;P21;742;1018;1;;1017;335;289;185;105;69;1;19;5;;3;3;1;;;2;;;;;;;;;;
Schijndel;G0844;11178;Noord-Brabant;P30;16024;12775;54;;12721;5843;3758;1100;615;256;9;5;6;33;1030;19;15;5;4;1;16;3;;3;;;;;;
Schinnen;G0962;10132;Limburg;P31;10369;8957;38;;8919;4522;2685;820;510;238;3;16;11;24;33;20;11;16;1;6;;1;;2;;;;;;
Schipluiden;G0607;10130;Zuid-Holland;P28;6058;5422;18;;5404;3517;488;685;357;155;62;37;34;34;3;12;7;3;1;1;5;3;;;;;;;;
Schoonebeek;G0129;10064;Drenthe;P22;5766;4975;14;;4961;2553;1770;295;201;86;3;19;17;5;1;5;3;;1;1;;;;1;;;;;;
Schoonhoven;G0608;10980;Zuid-Holland;P28;8167;6897;20;;6877;2475;1816;1110;607;258;345;74;70;62;9;36;4;6;2;2;;;;1;;;;;;
Schoorl;G0444;10627;Noord-Holland;P27;5146;4526;15;;4511;1443;1254;985;446;191;5;8;13;31;14;104;7;3;1;;5;;1;;;;;;;
Sevenum;G0964;10045;Limburg;P31;5135;4302;6;;4296;2978;602;338;224;83;4;14;1;5;28;7;3;4;3;;1;1;;;;;;;;
's-Graveland;G0390;10534;Noord-Holland;P27;7125;5938;17;;5921;2271;1285;1322;582;185;75;57;34;26;9;44;11;9;4;2;2;2;1;;;;;;;
's-Gravendeel;G0517;10052;Zuid-Holland;P28;6271;5328;20;;5308;1885;1845;724;281;77;305;58;75;28;2;13;5;2;2;2;4;;;;;;;;;
's-Gravenhage;G0518;11434;Zuid-Holland;P28;329426;234363;688;;233675;57312;79567;44496;24142;11332;2230;1779;1245;7364;728;1015;462;572;227;180;80;55;167;345;192;16;;138;;31
's-Gravenmoer;G0787;10469;Noord-Brabant;P30;1596;1349;2;;1347;649;264;191;92;24;23;27;64;3;6;4;;;;;;;;;;;;;;
's-Gravenzande;G0519;10640;Zuid-Holland;P28;13412;11197;11;;11186;5608;1828;2122;672;147;461;102;136;64;9;16;12;3;1;3;1;1;;;;;;;;
's-Hertogenbosch;G0796;10054;Noord-Brabant;P30;68961;51435;170;;51265;16758;19803;5238;4298;2882;60;239;93;605;789;205;113;69;25;31;30;12;;15;;;;;;
Simpelveld;G0965;10515;Limburg;P31;8969;7426;7;;7419;3541;2750;501;318;124;10;16;12;28;19;36;16;28;9;4;2;4;;1;;;;;;
Sint Maarten;G0445;10740;Noord-Holland;P27;1648;1297;5;;1292;468;343;253;129;66;;7;1;6;2;13;1;1;2;;;;;;;;;;;
Sint Odiliënberg;G0967;10278;Limburg;P31;2743;2180;9;;2171;1114;569;272;130;53;1;7;;9;2;1;5;3;2;1;1;1;;;;;;;;
Sint Pancras;G0446;10513;Noord-Holland;P27;3951;3416;5;;3411;1396;869;572;290;149;11;34;35;19;6;17;6;2;;1;;3;;1;;;;;;
Sint Philipsland;G0712;10394;Zeeland;P29;1669;1511;6;;1505;365;304;135;47;17;589;11;24;9;2;2;;;;;;;;;;;;;;
Sint-Michielsgestel;G0845;10496;Noord-Brabant;P30;9274;7711;42;;7669;3562;2351;795;563;206;2;30;8;19;92;15;11;5;1;1;4;3;;1;;;;;;
Sint-Oedenrode;G0846;10399;Noord-Brabant;P30;12283;10479;34;;10445;6043;2424;912;630;298;3;6;10;19;50;17;12;6;1;1;8;2;;3;;;;;;
Sittard;G0968;11230;Limburg;P31;34674;26288;95;;26193;11269;9343;2469;1468;1141;20;62;29;109;97;66;34;35;13;21;8;3;;6;;;;;;
Skarsterlân;G0051;10022;Fryslân;P21;17518;15412;40;;15372;6478;5295;1747;927;487;64;124;136;28;4;41;9;;10;14;4;3;;1;;;;;;
Sleen;G0130;10489;Drenthe;P22;6629;6033;24;;6009;1332;3158;940;255;137;13;36;87;16;5;8;7;;6;4;2;2;;1;;;;;;
Sliedrecht;G0610;11331;Zuid-Holland;P28;17187;13891;11;;13880;3580;4724;1445;792;337;2257;259;307;108;6;24;4;7;10;12;8;;;;;;;;;
Slochteren;G0040;10747;Groningen;P20;10598;8938;38;;8900;1837;3850;1294;543;293;26;827;97;25;15;25;9;;11;40;5;1;;2;;;;;;
Sluis;G0713;10895;Zeeland;P29;2147;1785;7;;1778;634;553;436;92;30;2;11;9;5;;2;1;;;1;;;;2;;;;;;
Smallingerland;G0090;10405;Fryslân;P21;37621;33080;92;;32988;10391;13869;2970;2191;1180;176;1237;743;46;34;64;28;;19;26;7;4;;3;;;;;;
Smilde;G0131;11033;Drenthe;P22;6716;5830;28;;5802;2152;2187;663;353;180;9;157;56;19;2;7;4;;;9;2;1;;1;;;;;;
Sneek;G0091;11421;Fryslân;P21;22362;18498;63;;18435;6275;7318;2179;1413;633;39;186;227;35;15;26;24;;26;23;7;5;;4;;;;;;
Soest;G0342;11021;Utrecht;P26;31020;25425;73;;25352;9546;4923;6436;2439;784;254;335;273;181;18;74;22;24;12;14;5;2;;3;3;1;3;;;
Someren;G0847;10203;Noord-Brabant;P30;12867;10397;35;;10362;6548;2051;908;495;239;9;16;7;26;18;15;9;7;1;1;9;1;;2;;;;;;
Son en Breugel;G0848;10549;Noord-Brabant;P30;10993;9174;23;;9151;4425;1604;1867;823;254;5;36;20;41;23;28;4;11;2;2;3;2;;1;;;;;;
Spijkenisse;G0612;10735;Zuid-Holland;P28;47218;35255;123;;35132;7888;13277;6254;4088;1258;324;248;228;554;653;98;92;51;36;27;27;14;;15;;;;;;
Sprang-Capelle;G0849;11233;Noord-Brabant;P30;7040;5700;28;;5672;2535;1190;668;255;102;665;59;105;34;11;24;9;2;3;5;1;4;;;;;;;;
Stad Delden;G0179;10913;Overijssel;P23;5804;5294;8;;5286;2774;1051;879;398;98;3;23;11;19;4;14;2;1;2;;;;7;;;;;;;
Stadskanaal;G0037;10610;Groningen;P20;25557;21793;63;;21730;7177;9894;1571;809;493;48;724;810;61;17;30;22;;25;28;14;6;;1;;;;;;
Standdaarbuiten;G0850;11212;Noord-Brabant;P30;2087;1742;1;;1741;854;482;225;123;24;;1;8;19;2;1;1;;;;;1;;;;;;;;
Staphorst;G0180;11362;Overijssel;P23;9070;8249;23;;8226;2270;906;706;215;67;2692;731;602;10;1;13;3;3;2;3;1;;;1;;;;;;
Stede Broec;G0532;11337;Noord-Holland;P27;12992;10558;28;;10530;4421;2875;1724;861;400;20;31;35;52;8;38;23;9;8;5;3;6;8;3;;;;;;
Stedum;G0041;10771;Groningen;P20;1408;1256;6;;1250;482;433;79;52;61;3;86;18;;2;3;3;;;28;;;;;;;;;;
Steenbergen;G0851;10731;Noord-Brabant;P30;10839;8296;31;;8265;3200;2970;1214;474;213;17;11;11;95;8;15;13;;5;4;10;1;;4;;;;;;
Steenderen;G0280;10497;Gelderland;P25;3539;3184;3;;3181;1801;750;352;132;85;10;9;13;4;;17;2;1;1;2;1;;;1;;;;;;
Steenwijk;G0181;10546;Overijssel;P23;15907;13483;39;;13444;4405;5490;1705;774;409;37;235;258;38;11;32;11;6;2;8;7;5;11;;;;;;;
Stein;G0971;11319;Limburg;P31;20513;16471;76;;16395;7508;5718;1324;1083;490;9;22;18;62;34;56;30;13;5;6;8;7;;2;;;;;;
Stevensweert;G0972;11203;Limburg;P31;1252;1060;3;;1057;595;296;104;41;13;;;;4;;;3;;;;;;;1;;;;;;
Stramproy;G0973;11186;Limburg;P31;3651;3032;12;;3020;1843;710;230;126;71;1;2;4;17;4;4;5;;;;;1;;2;;;;;;
Strijen;G0617;10558;Zuid-Holland;P28;6447;5455;17;;5438;1632;1820;1003;335;175;249;68;85;35;4;18;2;5;4;;3;;;;;;;;;
Susteren;G0974;10457;Limburg;P31;9996;8074;43;;8031;4119;2536;707;351;187;17;17;6;27;11;18;6;10;5;4;3;6;;1;;;;;;
Swalmen;G0975;10474;Limburg;P31;6472;4859;18;;4841;2306;1740;392;214;136;;7;;16;4;6;5;9;2;1;1;1;;1;;;;;;
't Zandt;G0054;10956;Groningen;P20;1812;1597;4;;1593;391;752;198;83;67;3;43;15;3;2;7;3;;2;22;2;;;;;;;;;
Tegelen;G0976;11333;Limburg;P31;13481;10023;32;;9991;4914;3331;808;551;209;4;28;10;67;17;18;12;7;5;5;4;1;;;;;;;;
Ten Boer;G0009;10891;Groningen;P20;4742;4257;11;;4246;1376;1402;422;268;161;11;477;88;6;2;7;5;;2;15;1;1;;2;;;;;;
Ter Aar;G0480;11104;Zuid-Holland;P28;6391;5499;7;;5492;3213;665;945;334;114;109;32;31;23;8;9;2;1;;3;3;;;;;;;;;
Terheijden;G0853;10905;Noord-Brabant;P30;6280;5108;9;;5099;2186;1562;627;461;161;4;15;8;39;8;10;6;;1;5;4;1;;1;;;;;;
Termunten;G0042;11023;Groningen;P20;3400;2840;13;;2827;681;1493;280;120;125;7;24;34;7;3;10;1;;29;10;2;1;;;;;;;;
Terneuzen;G0715;10704;Zeeland;P29;25889;19657;63;;19594;6426;6048;2669;1403;556;1091;746;309;196;44;54;20;;1;21;3;7;;;;;;;;
Terschelling;G0093;11210;Fryslân;P21;3634;4181;6;;4175;1060;1410;957;405;202;3;32;34;29;7;20;6;;1;6;1;1;;1;;;;;;
Teteringen;G0854;10677;Noord-Brabant;P30;4246;3714;4;;3710;1821;772;644;320;83;1;11;9;22;3;12;4;;;3;2;1;;2;;;;;;
Texel;G0448;10237;Noord-Holland;P27;9637;9255;26;;9229;3395;2453;1819;715;546;40;48;92;41;10;34;8;9;8;4;1;;3;3;;;;;;
Tholen;G0716;10376;Zeeland;P29;13943;11487;51;;11436;3036;3128;1274;429;142;2793;143;341;66;21;14;36;;4;4;3;1;;1;;;;;;
Thorn;G0977;11195;Limburg;P31;2103;1793;8;;1785;935;566;153;79;35;1;1;;6;1;2;1;2;;2;1;;;;;;;;;
Tiel;G0281;10027;Gelderland;P25;22638;17449;17;;17432;4917;7409;2740;1236;590;139;134;58;97;21;44;13;;2;4;4;3;18;3;;;;;;
Tilburg;G0855;10792;Noord-Brabant;P30;118627;85510;226;;85284;30658;30645;8883;6915;5174;157;242;115;754;1012;337;143;;50;64;58;41;;36;;;;;;
Tubbergen;G0183;10694;Overijssel;P23;13793;12812;20;;12792;10193;1511;606;281;93;12;20;19;14;;18;4;9;5;;4;;1;2;;;;;;
Tytsjerksteradiel;G0737;11241;Fryslân;P21;22202;19475;41;;19434;8128;6239;2077;1396;504;131;425;365;30;23;62;16;;6;15;8;7;;2;;;;;;
Ubbergen;G0282;10408;Gelderland;P25;7528;6357;20;;6337;2883;1880;755;425;301;3;14;4;17;6;30;10;;1;2;5;;1;;;;;;;
Uden;G0856;11141;Noord-Brabant;P30;25942;20773;42;;20731;9876;4771;3110;1366;482;12;47;28;73;849;45;19;14;3;10;13;5;;8;;;;;;
Udenhout;G0857;11268;Noord-Brabant;P30;6575;5155;3;;5152;2976;1093;559;337;129;2;2;1;18;6;8;6;;1;5;6;;;3;;;;;;
Uitgeest;G0450;11238;Noord-Holland;P27;7285;6077;17;;6060;2167;1599;1121;687;348;6;14;7;23;15;27;10;6;20;2;2;2;3;1;;;;;;
Uithoorn;G0451;11206;Noord-Holland;P27;17265;14292;27;;14265;5341;3016;3670;1376;477;26;62;63;92;21;38;19;23;3;6;9;3;6;6;;8;;;;
Ulrum;G0045;10180;Groningen;P20;2779;2423;4;;2419;928;749;258;98;54;20;228;69;1;2;3;;;;9;;;;;;;;;;
Urk;G0184;10783;Flevoland;P24;7493;6611;25;;6586;2694;80;84;32;15;2168;482;1000;30;;;;;1;;;;;;;;;;;
Usquert;G0046;11035;Groningen;P20;1233;1095;5;;1090;110;701;135;37;52;2;25;6;1;3;12;;;1;5;;;;;;;;;;
Utrecht;G0344;10722;Utrecht;P26;174831;133726;446;;133280;30887;49973;15662;14277;14072;757;1037;551;3417;1341;606;211;93;85;56;81;32;;26;40;34;42;;;
Vaals;G0981;10007;Limburg;P31;6600;5353;45;;5308;2160;2124;531;222;138;15;40;3;17;3;21;8;14;2;4;;3;;3;;;;;;
Valburg;G0283;11071;Gelderland;P25;9246;7839;18;;7821;3711;1858;941;494;218;403;61;68;14;1;17;9;;;14;7;;4;1;;;;;;
Valkenburg (ZH);G0619;10028;Zuid-Holland;P28;2321;1937;9;;1928;1046;266;247;101;34;48;108;48;14;4;7;;3;;1;1;;;;;;;;;
Valkenburg aan de Geul;G0994;11077;Limburg;P31;14027;11857;38;;11819;6078;3349;1336;580;261;11;21;22;58;20;28;23;18;4;4;1;;;5;;;;;;
Valkenisse;G0720;10779;Zeeland;P29;4616;4297;9;;4288;1868;774;834;335;124;216;66;44;12;3;4;4;;2;2;;;;;;;;;;
Valkenswaard;G0858;11031;Noord-Brabant;P30;22604;18005;34;;17971;8421;5065;2428;1201;507;31;29;29;86;65;34;12;31;4;7;10;6;;5;;;;;;
Veendam;G0047;11292;Groningen;P20;21187;17952;54;;17898;3178;10180;2307;1086;495;12;187;188;78;55;27;20;;16;52;9;3;;5;;;;;;
Veenendaal;G0345;11052;Utrecht;P26;32816;26964;13;;26951;11007;5302;3568;1407;591;2595;694;1487;181;28;22;10;22;8;10;3;4;;4;1;3;4;;;
Veere;G0717;10369;Zeeland;P29;3654;3423;6;;3417;1642;453;509;232;102;224;162;59;5;6;9;2;;5;6;;1;;;;;;;;
Veghel;G0860;10985;Noord-Brabant;P30;18343;14893;46;;14847;7831;3434;1813;999;362;10;27;23;62;193;34;9;18;5;6;13;3;;5;;;;;;
Veldhoven;G0861;10071;Noord-Brabant;P30;29019;22832;35;;22797;10887;5661;3064;1935;782;30;48;56;109;84;45;30;20;10;5;12;11;;8;;;;;;
Velsen;G0453;10620;Noord-Holland;P27;45646;35734;121;;35613;11308;12052;6279;3094;1430;103;316;261;298;51;163;42;59;65;22;24;10;32;3;;1;;;;
Venhuizen;G0454;10433;Noord-Holland;P27;5304;4625;8;;4617;1944;1013;1009;358;164;9;9;12;32;1;40;11;4;5;2;;1;3;;;;;;;
Venlo;G0983;10477;Limburg;P31;47323;33304;69;;33235;16887;8987;3638;2009;978;32;100;62;169;150;99;46;29;14;3;19;5;;8;;;;;;
Venray;G0984;11222;Limburg;P31;25186;18622;56;;18566;10619;4338;1572;1109;592;17;33;7;62;92;41;41;19;5;8;7;1;;3;;;;;;
Vessem, Wintelre en Knegsel;G0862;11414;Noord-Brabant;P30;3693;3224;5;;3219;2234;414;301;159;82;1;3;5;9;1;5;3;;;1;;1;;;;;;;;
Vianen;G0620;10887;Zuid-Holland;P28;13324;11003;34;;10969;4013;3099;1789;983;289;491;59;70;90;17;24;16;7;11;3;5;2;;1;;;;;;
Vierlingsbeek;G0863;10066;Noord-Brabant;P30;5850;5063;6;;5057;3165;1058;393;238;144;4;11;1;10;9;13;5;2;;1;1;;;2;;;;;;
Vlaardingen;G0622;10811;Zuid-Holland;P28;57196;44678;118;;44560;12322;16128;5738;4126;1830;1119;457;506;545;1478;98;59;64;19;27;25;9;;10;;;;;;
Vlagtwedde;G0048;11249;Groningen;P20;12744;10707;43;;10664;3393;5186;1110;365;194;14;84;186;26;12;46;9;;11;15;6;5;;2;;;;;;
Vledder;G0132;11120;Drenthe;P22;2839;2493;2;;2491;556;1132;490;168;78;;20;15;13;3;10;1;;1;3;;;;1;;;;;;
Vleuten-De Meern;G0347;10658;Utrecht;P26;12158;10597;31;;10566;5203;1583;2289;812;256;103;145;45;73;5;22;7;6;2;4;7;2;;1;;;1;;;
Vlieland;G0096;10211;Fryslân;P21;848;1117;6;;1111;251;361;285;111;70;;13;2;4;3;5;2;;;;2;1;;1;;;;;;
Vlijmen;G0864;11293;Noord-Brabant;P30;11665;9620;35;;9585;4694;2616;1132;725;220;7;12;6;59;47;23;12;11;6;11;2;1;;1;;;;;;
Vlissingen;G0718;10270;Zeeland;P29;33023;25112;96;;25016;7230;9232;3681;2326;839;651;223;216;328;127;57;48;;13;13;18;6;;8;;;;;;
Vlist;G0623;11174;Zuid-Holland;P28;7046;6216;21;;6195;2434;1344;1055;459;127;577;47;78;39;7;12;9;4;1;1;;1;;;;;;;;
Vlodrop;G0985;10644;Limburg;P31;1745;1421;7;;1414;747;403;153;58;26;;3;2;7;3;5;1;4;;;1;;;1;;;;;;
Voerendaal;G0986;11341;Limburg;P31;10310;8650;1;;8649;4567;2383;895;443;196;5;18;11;27;19;26;25;13;5;7;7;;;2;;;;;;
Voorburg;G0624;11103;Zuid-Holland;P28;32358;26565;66;;26499;8463;6047;6666;3063;883;144;316;136;460;60;102;54;65;7;15;10;5;;3;;;;;;
Voorhout;G0625;10017;Zuid-Holland;P28;7015;6192;14;;6178;3005;878;1430;526;195;19;33;12;22;8;21;9;10;4;1;1;2;;;;2;;;;
Voorschoten;G0626;10537;Zuid-Holland;P28;16350;13938;13;;13925;5164;2659;3699;1539;389;106;108;81;35;23;52;22;26;5;11;3;2;;;;1;;;;
Voorst;G0285;10912;Gelderland;P25;17621;15013;41;;14972;6744;4128;2326;903;360;233;71;79;33;14;32;11;12;3;13;5;5;;;;;;;;
Vorden;G0286;10957;Gelderland;P25;6554;5866;20;;5846;2765;1498;997;303;121;23;41;36;15;5;23;6;5;;2;4;2;;;;;;;;
Vries;G0133;10630;Drenthe;P22;7326;6393;49;;6344;1133;2407;1813;556;223;8;97;30;35;5;10;9;;1;14;2;1;;;;;;;;
Vriezenveen;G0186;10643;Overijssel;P23;13350;11705;27;;11678;5640;3439;700;368;112;490;142;730;24;3;12;6;2;2;3;1;;4;;;;;;;
Vught;G0865;11224;Noord-Brabant;P30;18364;14502;28;;14474;6435;3885;2180;1165;504;28;62;7;71;38;46;12;11;3;10;6;7;;4;;;;;;
Waalre;G0866;10959;Noord-Brabant;P30;11621;9877;22;;9855;4509;1983;2018;954;262;7;25;10;33;12;19;9;10;1;1;1;;;1;;;;;;
Waalwijk;G0867;11359;Noord-Brabant;P30;21011;16522;38;;16484;7172;4798;2174;1156;596;68;65;102;157;74;39;20;30;3;14;10;4;;2;;;;;;
Waddinxveen;G0627;10081;Zuid-Holland;P28;17639;15079;29;;15050;5225;3351;2779;1288;319;1150;348;382;117;23;28;11;8;3;11;2;3;;;;2;;;;
Wageningen;G0289;11010;Gelderland;P25;26423;21533;34;;21499;5226;7059;2571;2784;2777;392;245;164;34;80;107;24;4;2;12;12;3;;3;;;;;;
Wanroij;G0868;10265;Noord-Brabant;P30;3667;3253;9;;3244;2310;534;202;111;66;;2;1;3;6;6;2;;;;1;;;;;;;;;
Warffum;G0049;10498;Groningen;P20;1790;1584;7;;1577;414;723;214;92;55;3;38;15;2;3;8;1;;;9;;;;;;;;;;
Warmenhuizen;G0456;10221;Noord-Holland;P27;3361;2861;7;;2854;1373;566;484;228;138;2;12;5;6;6;18;7;1;1;2;3;;1;1;;;;;;
Warmond;G0628;10204;Zuid-Holland;P28;3948;3284;8;;3276;1603;554;621;283;105;28;19;5;25;6;13;3;3;2;1;5;;;;;;;;;
Warnsveld;G0291;10838;Gelderland;P25;6440;5543;14;;5529;1703;1868;1073;548;181;10;49;43;5;4;29;3;6;2;2;2;1;;;;;;;;
Waspik;G0869;10402;Noord-Brabant;P30;3613;3092;11;;3081;1538;937;293;157;65;21;8;12;17;17;2;3;3;;;5;2;;1;;;;;;
Wassenaar;G0629;10164;Zuid-Holland;P28;19199;16509;13;;16496;6397;2028;6257;1165;256;79;82;40;71;7;53;19;15;6;10;8;1;;;;2;;;;
Wateringen;G0630;11329;Zuid-Holland;P28;11507;9503;0;;9503;5382;1320;1550;714;225;16;50;37;114;7;40;12;15;6;9;2;4;;;;;;;;
Weerselo;G0188;10893;Overijssel;P23;6471;6083;14;;6069;4830;618;288;197;87;2;8;6;17;2;2;4;;;1;1;2;1;3;;;;;;
Weert;G0988;11081;Limburg;P31;30270;23355;87;;23268;10912;7718;2471;1165;496;14;22;42;154;128;50;36;23;7;8;7;7;;8;;;;;;
Weesp;G0457;10773;Noord-Holland;P27;13717;10865;30;;10835;3134;3282;2093;1254;558;56;92;64;147;11;60;15;23;11;11;8;4;11;;;1;;;;
Wehl;G0292;11116;Gelderland;P25;4977;3968;17;;3951;2371;1042;257;175;79;;3;;12;;5;3;;;2;2;;;;;;;;;
Werkendam;G0870;10078;Noord-Brabant;P30;13252;11299;32;;11267;5004;2490;1143;476;206;1367;183;292;49;19;17;2;7;1;3;4;;;4;;;;;;
Wervershoof;G0459;11270;Noord-Holland;P27;5286;4509;11;;4498;2775;774;527;227;136;1;4;9;15;1;16;2;3;1;1;2;2;1;1;;;;;;
Wessem;G0989;10127;Limburg;P31;1696;1273;12;;1261;707;343;113;50;25;3;4;;2;2;3;2;5;;1;;;;1;;;;;;
West Maas en Waal;G0668;10042;Gelderland;P25;12925;10926;36;;10890;5940;3013;1116;465;196;18;18;12;28;29;25;4;;3;2;7;3;9;2;;;;;;
Westerbork;G0134;11095;Drenthe;P22;5715;5259;14;;5245;1306;2197;1096;301;145;57;48;47;18;5;6;5;;4;9;;;;1;;;;;;
Westerhoven;G0871;11041;Noord-Brabant;P30;1314;1205;0;;1205;707;293;106;57;34;;1;1;3;;2;;;;;1;;;;;;;;;
Wester-Koggenland;G0558;10354;Noord-Holland;P27;9273;8054;23;;8031;4065;1536;1519;511;241;3;11;17;32;13;40;15;4;3;10;5;2;4;;;;;;;
Westerschouwen;G0725;10701;Zeeland;P29;4402;4654;13;;4641;1460;1262;1200;298;83;142;40;77;37;6;12;13;;1;7;1;2;;;;;;;;
Westervoort;G0293;11085;Gelderland;P25;10814;8659;21;;8638;3075;3007;1183;790;348;6;72;32;56;13;23;11;;2;6;3;3;3;5;;;;;;
Westkapelle;G0726;10931;Zeeland;P29;2022;1835;3;;1832;580;585;268;78;32;224;22;29;10;1;1;2;;;;;;;;;;;;;
Weststellingwerf;G0098;11322;Fryslân;P21;18766;15896;63;;15833;4515;7406;2227;805;458;32;93;124;64;7;45;15;;8;29;3;2;;;;;;;;
Westvoorne;G0614;10009;Zuid-Holland;P28;10541;8914;32;;8882;2364;2383;2852;765;257;55;38;39;70;5;26;4;7;9;1;3;4;;;;;;;;
Wierden;G0189;10676;Overijssel;P23;16177;14851;15;;14836;9078;2347;1324;586;185;539;116;584;30;5;9;11;3;1;5;3;2;7;1;;;;;;
Wieringen;G0462;11277;Noord-Holland;P27;6188;5021;11;;5010;1107;2032;1254;362;141;2;12;20;32;1;15;13;1;7;4;4;1;2;;;;;;;
Wieringermeer;G0463;10239;Noord-Holland;P27;8560;7136;15;;7121;2748;1900;1424;519;253;43;78;90;14;1;16;12;1;6;7;2;3;3;1;;;;;;
Wijchen;G0296;10723;Gelderland;P25;24909;20235;27;;20208;9310;6334;2210;1432;584;14;43;24;50;65;49;22;;5;15;9;3;17;22;;;;;;
Wijdewormer;G0470;10434;Noord-Holland;P27;1010;893;5;;888;345;213;203;70;33;1;4;3;4;6;2;3;;;1;;;;;;;;;;
Wijhe;G0190;10888;Overijssel;P23;5318;4816;10;;4806;2279;1575;490;231;101;17;41;51;7;2;5;4;;1;1;;1;;;;;;;;
Wijk bij Duurstede;G0352;10760;Utrecht;P26;10938;9021;20;;9001;2994;2440;1853;972;442;64;44;69;48;18;15;19;8;;6;2;5;;;;;2;;;
Willemstad;G0872;10827;Noord-Brabant;P30;2522;2162;7;;2155;818;622;424;152;51;29;11;27;10;2;3;5;;;1;;;;;;;;;;
Winschoten;G0052;10453;Groningen;P20;15680;13098;28;;13070;2348;7509;1432;707;559;16;152;137;35;18;53;12;;62;22;2;4;;2;;;;;;
Winsum;G0053;11135;Groningen;P20;4627;4171;8;;4163;1399;1504;438;275;259;7;228;27;5;2;11;1;;1;1;;4;;1;;;;;;
Winterswijk;G0294;11119;Gelderland;P25;21368;18034;52;;17982;5627;7126;3231;1123;488;22;95;104;39;22;52;15;;9;7;3;5;12;2;;;;;;
Wisch;G0295;10318;Gelderland;P25;15043;12216;49;;12167;5658;3668;1606;673;298;17;56;61;36;9;28;12;;1;5;11;6;18;4;;;;;;
Wissenkerke;G0727;10243;Zeeland;P29;2428;2208;3;;2205;961;566;316;93;61;115;43;25;15;;6;1;;2;1;;;;;;;;;;
Wittem;G0990;11371;Limburg;P31;5934;5620;21;;5599;2887;1744;440;284;144;8;11;6;20;12;21;7;5;3;5;2;;;;;;;;;
Woensdrecht;G0873;10602;Noord-Brabant;P30;7716;5913;16;;5897;2327;1880;935;433;127;6;15;17;83;11;22;24;;1;5;8;3;;;;;;;;
Woerden;G0632;10974;Utrecht;P26;24786;20971;61;;20910;9229;3856;3372;1804;627;917;206;432;169;197;35;32;3;3;10;8;1;;3;;5;1;;;
Wognum;G0466;10818;Noord-Holland;P27;5254;4410;10;;4400;2550;635;712;304;123;;10;5;15;5;28;6;3;;1;;2;1;;;;;;;
Wormer;G0467;10648;Noord-Holland;P27;8628;7297;17;;7280;2105;2505;1034;762;643;16;26;71;36;3;44;6;3;15;1;3;2;2;3;;;;;;
Woubrugge;G0633;10461;Zuid-Holland;P28;3702;3200;5;;3195;1625;525;530;300;89;48;12;20;12;8;15;2;4;1;1;1;1;;1;;;;;;
Woudenberg;G0351;11398;Utrecht;P26;7167;6349;21;;6328;2476;1031;1120;392;170;686;118;272;26;11;14;6;1;2;;1;;;;;;2;;;
Woudrichem;G0874;10282;Noord-Brabant;P30;9858;8618;18;;8600;3925;2101;923;344;182;452;299;285;30;20;20;6;1;3;6;3;;;;;;;;;
Wouw;G0875;10808;Noord-Brabant;P30;6501;5034;28;;5006;2498;1341;703;293;91;3;6;5;37;1;10;11;;;1;2;3;;1;;;;;;
Wûnseradiel;G0710;10454;Fryslân;P21;8266;7326;25;;7301;3402;2272;727;387;255;20;90;72;16;2;17;20;;3;11;3;4;;;;;;;;
Wymbritseradiel;G0683;11427;Fryslân;P21;10444;9345;22;;9323;5261;1953;888;577;306;37;96;130;11;7;33;9;;1;9;2;1;;2;;;;;;
Zaanstad;G0479;11044;Noord-Holland;P27;95974;75950;234;;75716;17384;30379;11716;7175;5522;299;511;549;934;167;342;127;119;309;39;48;26;53;17;;;;;;
Zaltbommel;G0297;10557;Gelderland;P25;6867;5722;16;;5706;1633;2093;888;535;262;117;61;38;30;16;12;9;;2;1;3;;6;;;;;;;
Zandvoort;G0473;10910;Noord-Holland;P27;12728;9955;33;;9922;2327;2678;3427;951;258;10;35;31;84;2;47;16;15;6;8;2;4;18;1;;2;;;;
Zederik;G0707;10618;Zuid-Holland;P28;9440;8458;25;;8433;3569;1723;1019;374;107;1108;105;367;20;2;18;6;4;2;5;2;1;;1;;;;;;
Zeeland;G0877;10759;Noord-Brabant;P30;4228;3612;9;;3603;2397;666;237;137;80;8;3;4;5;47;7;6;;1;1;2;;;2;;;;;;
Zeevang;G0478;11121;Noord-Holland;P27;4343;3727;15;;3712;814;1081;1217;387;150;3;8;4;19;4;8;2;6;4;1;3;;1;;;;;;;
Zeewolde;G0050;10012;Flevoland;P24;4259;3792;3;;3789;1284;682;1080;355;78;46;100;126;15;2;4;5;;4;7;;;;1;;;;;;
Zeist;G0355;10324;Utrecht;P26;45247;36383;115;;36268;11096;8973;8082;3430;1554;1100;728;449;303;81;330;45;31;10;21;12;5;;3;6;4;5;;;
Zelhem;G0298;11159;Gelderland;P25;8774;7191;25;;7166;3175;2281;917;378;109;133;24;80;24;7;9;7;;1;3;7;8;3;;;;;;;
Zevenaar;G0299;10938;Gelderland;P25;20166;16232;38;;16194;7196;4791;2087;1323;455;19;75;68;70;20;39;15;;4;15;5;4;6;2;;;;;;
Zevenbergen;G0878;10046;Noord-Brabant;P30;15616;9049;52;;8997;3708;2799;1409;619;200;10;111;30;56;6;18;15;;3;2;4;2;;5;;;;;;
Zevenhoven;G0635;11317;Zuid-Holland;P28;2021;1762;4;;1758;1004;226;306;106;25;34;7;29;6;4;3;4;;1;;;1;;1;;1;;;;
Zevenhuizen;G0636;11377;Zuid-Holland;P28;4686;4083;8;;4075;1340;1093;867;344;67;233;37;51;16;2;13;2;3;;1;1;1;;4;;;;;;
Zierikzee;G0732;10843;Zeeland;P29;7544;6305;15;;6290;1898;2224;1054;441;199;175;49;200;14;3;10;10;;2;10;1;;;;;;;;;
Zijpe;G0476;10004;Noord-Holland;P27;6321;5236;9;;5227;2037;1473;1062;358;194;4;14;19;17;4;24;9;4;3;;1;;3;1;;;;;;
Zoetermeer;G0637;10766;Zuid-Holland;P28;67204;53909;130;;53779;14632;15338;10870;7099;1751;838;534;528;672;970;229;80;96;20;40;32;8;;39;;3;;;;
Zoeterwoude;G0638;11074;Zuid-Holland;P28;6137;5090;15;;5075;2618;829;837;471;178;31;23;11;21;3;27;5;14;1;3;2;1;;;;;;;;
Zuidhorn;G0056;10021;Groningen;P20;5332;4810;4;;4806;1355;1224;625;407;146;18;958;44;3;7;8;3;;4;4;;;;;;;;;;
Zuidlaren;G0136;10002;Drenthe;P22;8263;7087;32;;7055;1721;2379;1574;621;202;9;397;70;19;13;10;7;;5;28;;;;;;;;;;
Zuidwolde;G0137;10262;Drenthe;P22;7132;6189;23;;6166;2539;1643;1173;390;137;36;156;58;16;1;6;3;;;6;;2;;;;;;;;
Zundert;G0879;11192;Noord-Brabant;P30;10306;7480;38;;7442;4151;1743;926;352;187;4;4;6;30;7;18;8;;;1;4;;;1;;;;;;
Zutphen;G0301;10254;Gelderland;P25;23283;18829;40;;18789;4511;8483;2472;1573;1085;34;183;97;74;50;142;23;26;18;6;8;2;;2;;;;;;
Zwartsluis;G0192;10303;Overijssel;P23;3216;2818;6;;2812;1291;756;268;118;53;68;135;106;4;2;5;2;;4;;;;;;;;;;;
Zweeloo;G0138;10872;Drenthe;P22;2155;2045;5;;2040;509;776;512;112;63;2;15;31;6;4;4;;;3;1;;;;2;;;;;;
Zwijndrecht;G0642;10468;Zuid-Holland;P28;31418;25611;67;;25544;8341;7740;3948;2189;742;985;674;425;282;49;56;28;29;7;22;10;8;;9;;;;;;
Zwolle;G0193;10093;Overijssel;P23;71356;56895;65;;56830;18109;19410;7474;4877;2622;428;2111;1079;198;171;140;75;22;28;31;26;7;14;8;;;;;;
